best_fitnesss_mean,best_fitness_std,summed_fitness_mean,summed_fitness_std,cells_filled_mean,cells_filled_std
../gymjam_results/2020_04_22_experiments/checkpoints/experiment01_10_latest.pkl,-1,45.28631261563848,-1,1/0/1/1/2/0/2/1/1/2/1/1/2/2/0/2/1/2/2/1/3/1/3/0/3/3/3/3/0/2/2/2/0/3/2/0/2/3/2/3/1/1/1/3/1/2/2/0/3/3/3/3/2/0/1/1/2/3/3/0/2/0/1/3/0/3/3/0/0/3/1/3/1/1/0/3/1/2/2/1/3/0/3/2/3/2/2/1/3/3/1/3/0/1/0/1/2/0/0/0
../gymjam_results/2020_04_22_experiments/checkpoints/experiment01_11_latest.pkl,-1,44.87291380526463,-1,1/1/1/0/1/1/1/2/2/1/2/3/1/2/1/0/3/1/0/0/3/0/2/1/0/3/3/2/1/0/0/2/1/1/2/0/2/0/0/2/3/1/2/3/2/3/0/1/3/1/1/3/3/3/0/2/0/3/1/1/1/1/1/1/1/1/1/0/3/3/3/1/3/3/1/3/1/2/3/1/2/0/3/1/0/2/2/1/2/1/3/3/1/1/3/3/0/1/1/2
../gymjam_results/2020_04_22_experiments/checkpoints/experiment01_12_latest.pkl,-1,38.31563776611668,-1,2/1/2/2/1/1/2/1/1/2/3/2/3/2/0/0/0/0/3/1/0/1/2/2/1/2/2/2/0/3/1/0/0/2/3/1/0/1/2/2/1/1/1/2/1/3/0/2/3/0/0/0/0/2/2/1/3/2/2/0/1/2/3/2/0/1/2/1/1/3/0/1/3/3/3/3/1/3/3/2/2/3/0/1/3/3/1/1/2/0/3/1/2/2/1/0/3/0/3/1
../gymjam_results/2020_04_22_experiments/checkpoints/experiment01_13_latest.pkl,-1,54.30395412653638,-1,1/1/2/2/2/2/3/2/2/2/1/2/0/1/1/1/1/1/0/2/2/0/2/3/2/3/1/2/2/0/0/3/1/2/3/3/2/2/2/3/1/0/3/1/1/3/1/2/0/1/2/1/1/0/3/0/0/1/0/2/1/2/0/3/3/0/3/1/0/3/2/2/0/0/0/0/2/1/1/0/3/3/2/1/0/1/1/1/2/2/3/1/0/0/0/1/3/1/1/3
../gymjam_results/2020_04_22_experiments/checkpoints/experiment01_14_latest.pkl,-1,55.63180147108102,-1,1/2/2/2/1/1/0/2/0/0/2/2/2/1/1/0/1/2/3/0/0/0/1/3/0/0/3/1/2/2/1/0/3/0/3/2/2/1/0/0/2/2/0/0/0/0/0/3/2/0/0/3/0/0/1/0/3/0/0/1/0/2/3/1/1/3/1/0/1/2/3/3/1/1/1/0/3/2/3/0/3/2/2/0/3/3/1/0/2/1/3/3/2/0/2/2/2/2/0/1
../gymjam_results/2020_04_22_experiments/checkpoints/experiment01_15_latest.pkl,-1,51.28217667870618,-1,0/1/1/1/1/1/1/2/1/1/2/0/0/1/3/1/2/3/1/2/0/3/3/0/1/0/1/1/1/1/0/1/3/3/0/0/3/2/2/1/3/2/3/3/0/2/0/1/3/3/2/1/0/2/2/1/3/2/0/2/1/3/2/2/1/2/1/0/3/2/3/2/1/0/0/0/0/1/0/0/1/2/1/3/3/2/2/3/2/2/0/0/1/0/2/1/3/1/1/1
../gymjam_results/2020_04_22_experiments/checkpoints/experiment01_16_latest.pkl,-1,57.194532358222204,-1,1/0/1/1/1/2/1/1/1/2/1/1/3/1/0/2/0/0/0/3/3/0/3/0/0/3/3/3/2/3/1/3/3/3/0/3/2/2/0/3/1/0/3/0/1/0/2/1/0/0/3/1/0/0/1/0/3/0/2/2/0/3/3/0/2/2/0/3/1/2/2/1/2/3/0/3/1/0/2/2/1/3/2/0/1/3/2/1/2/2/2/1/0/2/3/0/3/3/1/1
../gymjam_results/2020_04_22_experiments/checkpoints/experiment01_17_latest.pkl,-1,48.30469631204346,-1,1/1/2/1/2/1/1/0/2/0/2/1/2/0/1/2/3/0/0/1/0/2/1/1/0/0/1/3/3/0/3/3/1/3/1/3/2/2/2/0/0/2/0/1/0/0/2/1/0/0/0/0/2/0/1/1/1/3/1/2/3/2/1/0/0/0/2/0/0/3/3/3/2/0/1/2/1/3/3/1/1/3/2/2/3/1/1/3/0/0/1/1/2/1/2/1/1/0/3/3
../gymjam_results/2020_04_22_experiments/checkpoints/experiment01_18_latest.pkl,-1,53.07310438935008,-1,1/1/1/1/1/3/2/2/1/1/2/2/1/0/2/2/0/1/1/1/0/0/1/3/3/0/1/1/2/3/1/2/2/0/3/0/2/2/2/2/3/1/2/1/0/0/0/3/1/3/3/1/0/2/2/0/0/0/3/1/1/0/3/2/1/2/0/2/2/3/1/3/1/3/0/3/1/0/3/2/1/0/1/0/0/0/1/3/3/0/0/0/3/3/1/0/2/3/1/0
../gymjam_results/2020_04_22_experiments/checkpoints/experiment01_19_latest.pkl,-1,43.485523760597914,-1,2/2/2/2/1/2/0/1/1/0/0/1/3/0/2/2/1/3/2/2/0/3/1/2/2/2/2/2/2/2/1/0/3/0/1/3/0/3/2/2/0/0/3/2/3/2/2/0/0/1/1/2/0/0/1/0/1/1/2/3/0/1/1/2/0/3/2/1/3/2/3/3/3/0/1/2/0/3/2/1/3/1/1/0/2/0/3/0/2/2/2/1/2/2/2/2/3/1/0/0
../gymjam_results/2020_04_22_experiments/checkpoints/experiment01_1_latest.pkl,-1,47.239265524377004,-1,2/0/1/0/2/1/2/2/0/1/1/1/1/2/3/2/1/3/2/3/2/1/0/3/1/1/0/2/1/1/2/2/0/2/0/1/2/3/2/3/1/0/1/3/0/1/1/0/1/2/0/3/0/1/0/0/0/2/3/3/2/2/1/3/0/3/0/3/2/0/1/0/0/0/2/2/1/3/0/1/2/2/3/1/0/3/2/0/0/1/2/3/0/3/3/0/2/2/0/0
../gymjam_results/2020_04_22_experiments/checkpoints/experiment01_20_latest.pkl,-1,62.444236175693874,-1,1/1/1/2/1/1/0/1/1/1/1/3/2/0/1/3/0/2/0/0/0/1/3/0/1/3/3/0/3/2/0/0/3/1/0/0/0/2/2/1/2/3/2/3/2/0/1/0/3/1/3/1/0/2/1/2/3/0/2/3/0/0/0/3/0/3/3/0/2/0/0/3/2/2/3/0/3/3/1/0/0/3/2/1/2/0/3/1/3/3/1/3/3/1/1/0/3/1/3/1
../gymjam_results/2020_04_22_experiments/checkpoints/experiment01_2_latest.pkl,-1,47.087139267577896,-1,2/1/3/1/2/2/2/1/1/2/0/1/2/0/1/1/3/2/2/1/3/0/1/1/1/2/1/2/2/1/1/2/2/2/1/3/1/0/0/3/2/0/2/0/3/2/3/3/0/0/1/0/1/0/2/3/2/0/3/1/3/0/3/0/2/1/1/0/2/0/3/2/3/3/0/1/1/3/0/0/0/0/3/1/0/0/0/2/0/3/3/0/2/3/3/1/2/2/2/0
../gymjam_results/2020_04_22_experiments/checkpoints/experiment01_3_latest.pkl,-1,43.7191178743596,-1,0/1/1/2/1/1/1/1/1/1/1/3/0/2/0/1/2/3/3/1/3/0/0/3/3/0/3/0/0/2/2/0/2/2/0/2/2/3/2/0/1/0/3/3/3/3/1/1/1/3/1/0/1/2/2/0/2/3/2/3/0/0/1/3/2/3/2/1/1/1/2/3/0/1/1/2/2/2/1/0/0/3/0/0/3/1/3/0/0/1/3/3/0/0/3/3/3/2/1/2
../gymjam_results/2020_04_22_experiments/checkpoints/experiment01_4_latest.pkl,-1,40.30514081536671,-1,2/3/1/1/2/2/0/1/1/2/1/2/1/1/0/2/2/2/0/3/2/3/0/2/0/3/2/3/2/1/2/2/0/0/1/0/2/1/1/3/1/1/3/0/2/2/3/2/1/1/3/3/3/0/0/3/0/1/3/0/0/0/1/0/3/2/2/0/1/0/2/3/0/1/3/0/2/3/3/1/2/3/2/2/2/3/0/2/3/0/0/3/3/3/2/0/1/1/3/3
../gymjam_results/2020_04_22_experiments/checkpoints/experiment01_5_latest.pkl,-1,41.85982063102375,-1,1/2/2/0/0/2/2/1/1/1/1/0/1/3/0/0/1/0/3/2/1/3/2/0/0/2/1/3/3/0/3/2/0/2/2/1/0/3/3/2/0/0/2/2/2/2/1/2/0/3/3/0/2/0/2/1/2/0/2/0/1/1/1/0/1/1/0/1/2/1/3/1/3/2/3/3/1/0/0/1/1/1/0/0/3/0/0/3/1/2/0/1/3/2/1/1/2/0/1/0
../gymjam_results/2020_04_22_experiments/checkpoints/experiment01_6_latest.pkl,-1,52.37615884621016,-1,1/1/1/1/2/0/2/1/1/1/0/1/1/0/3/2/3/1/0/2/0/3/3/3/3/3/1/1/2/3/2/1/0/1/3/2/0/0/1/3/2/2/3/1/3/0/2/3/1/0/2/1/2/2/0/1/0/0/1/3/0/0/3/1/0/1/2/2/3/3/2/3/1/1/1/1/2/3/2/0/3/2/0/1/3/0/0/2/1/0/1/2/2/3/1/1/3/0/2/2
../gymjam_results/2020_04_22_experiments/checkpoints/experiment01_7_latest.pkl,-1,48.2722536275092,-1,2/2/2/1/1/1/0/0/3/2/1/1/0/2/2/0/0/0/0/2/0/2/0/1/0/2/2/2/3/1/3/2/0/3/2/3/2/3/1/1/1/1/1/3/3/1/1/1/3/3/1/2/0/1/1/2/0/3/1/3/2/1/3/3/0/1/0/0/2/0/0/0/0/0/2/0/2/1/1/0/3/3/3/0/2/2/0/2/2/3/3/2/2/2/3/0/1/3/0/3
../gymjam_results/2020_04_22_experiments/checkpoints/experiment01_8_latest.pkl,-1,54.57714805943715,-1,1/1/1/1/2/1/2/1/0/1/0/3/2/1/2/1/1/3/3/0/0/1/0/2/0/3/1/1/0/2/0/0/3/1/2/3/0/3/0/3/0/3/2/2/0/2/3/3/0/3/0/2/1/1/0/0/2/1/0/1/1/3/1/3/2/1/2/2/3/1/3/0/1/3/3/3/2/0/0/1/2/2/1/0/3/3/2/3/0/0/0/2/3/2/0/0/3/3/1/1
../gymjam_results/2020_04_22_experiments/checkpoints/experiment01_9_latest.pkl,-1,59.72380775523763,-1,1/1/1/1/1/0/0/2/2/0/2/2/2/2/2/0/0/3/2/3/3/2/3/2/1/0/3/1/0/1/3/3/2/1/3/1/0/1/0/3/3/0/0/2/1/1/1/0/3/1/2/3/2/1/2/2/1/2/0/1/3/1/3/1/2/3/2/0/0/1/1/3/0/3/1/0/3/1/0/2/2/2/1/1/1/2/1/0/3/0/0/3/2/0/1/2/1/0/2/1
../gymjam_results/2020_04_22_experiments/checkpoints/experiment02_10_latest.pkl,-1,56.78171433863122,-1,0/1/1/1/1/1/2/1/0/2/2/2/1/1/1/3/0/0/1/3/3/3/0/1/3/2/3/2/3/3/2/3/0/3/0/1/0/3/3/2/3/3/2/0/2/0/3/1/2/3/2/1/1/2/2/3/0/1/1/1/0/2/0/0/3/2/0/0/3/0/1/0/1/0/2/0/0/1/2/3/3/2/2/0/0/1/2/0/0/3/2/0/0/3/0/2/2/0/0/3
../gymjam_results/2020_04_22_experiments/checkpoints/experiment02_11_latest.pkl,-1,63.11294868593993,-1,1/1/1/1/2/2/1/1/1/2/1/3/0/0/0/1/0/2/3/3/0/1/0/1/0/2/3/2/2/1/2/2/1/3/0/3/2/3/2/1/0/2/2/3/3/3/3/0/2/2/3/0/0/1/1/3/2/2/0/3/0/1/1/3/2/2/0/3/1/2/0/2/1/3/2/1/1/1/0/2/1/0/3/3/1/2/2/3/0/2/3/2/2/3/2/1/2/2/2/2
../gymjam_results/2020_04_22_experiments/checkpoints/experiment02_12_latest.pkl,-1,66.18355163098971,-1,2/1/2/0/2/2/1/1/3/0/2/0/1/2/3/2/1/2/1/0/2/2/1/2/2/1/2/1/3/1/0/1/2/1/1/2/3/2/1/2/0/3/1/1/0/2/3/0/3/3/3/1/3/2/3/3/2/1/2/3/2/1/0/3/0/0/0/1/1/1/2/3/1/0/2/2/2/3/1/1/0/1/3/1/3/0/3/3/3/3/3/3/0/0/1/3/0/3/2/3
../gymjam_results/2020_04_22_experiments/checkpoints/experiment02_13_latest.pkl,-1,50.481847055060086,-1,1/0/2/1/1/1/1/2/1/1/2/2/1/0/2/3/0/2/3/0/0/3/0/1/2/3/3/0/0/3/0/2/1/0/1/3/0/3/2/2/0/2/3/3/1/3/0/3/0/2/2/1/0/1/0/3/0/0/3/3/2/3/1/3/0/1/0/2/2/0/0/1/3/2/0/2/2/1/2/0/2/2/2/3/1/3/0/0/1/3/1/2/3/0/2/1/3/0/3/1
../gymjam_results/2020_04_22_experiments/checkpoints/experiment02_14_latest.pkl,-1,62.09896264980688,-1,1/1/1/1/1/0/2/2/3/2/2/2/2/1/0/2/1/2/3/2/2/0/0/3/1/0/3/0/0/1/2/3/2/3/1/3/1/2/0/2/0/2/1/3/2/2/1/3/2/3/3/0/3/0/2/3/2/1/1/1/2/1/2/3/3/1/1/2/2/0/0/0/0/0/3/0/2/0/2/1/3/1/3/1/2/1/0/1/3/0/3/0/1/2/3/2/2/3/0/2
../gymjam_results/2020_04_22_experiments/checkpoints/experiment02_15_latest.pkl,-1,59.42206197347966,-1,2/2/2/0/0/1/1/1/2/0/3/1/2/0/1/0/1/2/2/0/0/2/3/1/2/2/2/3/3/3/3/2/2/3/2/3/2/2/1/3/3/1/1/0/2/2/2/1/2/0/2/0/3/2/1/0/1/3/2/3/0/1/0/3/0/0/2/1/0/1/1/3/3/1/2/2/3/0/3/1/2/2/2/3/0/3/0/3/2/2/2/3/0/2/1/3/0/0/0/1
../gymjam_results/2020_04_22_experiments/checkpoints/experiment02_16_latest.pkl,-1,54.315767234666225,-1,1/1/1/1/0/1/2/0/2/1/0/2/2/1/2/2/2/3/2/0/1/0/1/0/3/1/0/2/3/3/1/0/0/3/1/0/1/3/1/1/1/3/2/1/2/0/2/1/0/1/0/0/1/0/2/3/0/2/0/2/2/0/1/0/0/3/3/0/1/3/3/1/2/3/2/1/0/2/1/1/0/2/1/3/3/1/2/2/1/0/1/0/2/2/2/0/2/0/3/1
../gymjam_results/2020_04_22_experiments/checkpoints/experiment02_17_latest.pkl,-1,56.354801034275624,-1,1/1/1/1/0/1/1/2/2/2/2/1/1/1/3/0/3/3/2/0/3/0/1/1/3/3/0/0/0/3/0/1/3/3/0/3/2/3/3/2/0/1/3/3/0/3/2/2/3/1/1/3/0/1/2/1/1/0/0/0/2/1/1/0/2/0/3/3/3/1/0/0/1/1/0/1/0/1/1/3/1/0/2/3/3/1/3/0/1/1/1/3/1/3/0/0/3/2/2/0
../gymjam_results/2020_04_22_experiments/checkpoints/experiment02_18_latest.pkl,-1,70.70293673869628,-1,1/0/1/1/2/1/1/2/1/2/2/2/2/2/2/3/3/0/3/2/3/2/3/1/1/0/1/2/1/3/1/3/3/1/3/3/3/3/0/3/3/2/1/1/1/0/2/1/3/0/3/3/1/3/2/1/1/1/2/2/2/1/0/1/1/1/2/3/0/1/3/2/2/3/2/0/3/1/0/1/0/1/1/1/2/0/1/1/1/0/0/1/0/0/0/0/2/2/3/0
../gymjam_results/2020_04_22_experiments/checkpoints/experiment02_19_latest.pkl,-1,68.1418492633062,-1,1/1/1/1/1/1/2/2/3/1/2/2/2/1/0/0/3/0/2/0/3/1/2/3/2/2/1/1/1/0/2/2/1/0/0/3/0/1/3/0/3/3/1/1/1/3/0/3/2/1/0/1/2/1/0/3/3/2/2/2/1/2/1/1/0/3/2/1/1/0/3/2/2/1/2/2/0/2/1/1/3/0/3/1/3/1/2/1/1/1/1/2/0/2/2/0/1/1/1/1
../gymjam_results/2020_04_22_experiments/checkpoints/experiment02_1_latest.pkl,-1,60.44940912239471,-1,2/2/1/0/2/2/1/1/0/1/0/2/0/2/2/3/0/1/2/0/2/3/3/3/1/2/2/2/1/0/1/3/0/2/3/2/2/3/0/0/0/1/3/0/3/3/1/3/1/2/1/2/3/1/1/2/3/0/1/1/0/0/3/1/0/0/3/0/3/1/2/3/0/0/0/1/3/1/2/2/1/1/2/1/2/0/2/1/3/0/2/0/0/3/2/2/2/1/0/1
../gymjam_results/2020_04_22_experiments/checkpoints/experiment02_20_latest.pkl,-1,71.19019154685063,-1,1/2/1/1/2/1/1/2/0/1/1/2/3/2/1/2/1/1/3/0/0/0/0/3/1/1/3/1/1/2/3/0/3/0/0/3/2/1/3/2/1/2/0/3/2/0/2/0/1/1/1/1/1/1/0/2/2/3/3/2/1/1/0/0/3/1/3/2/2/1/2/3/3/2/2/1/1/2/1/2/1/3/2/2/1/0/2/3/2/2/1/3/1/0/0/2/3/3/2/3
../gymjam_results/2020_04_22_experiments/checkpoints/experiment02_2_latest.pkl,-1,54.41841777323077,-1,1/1/1/1/1/1/1/2/2/3/2/2/3/3/2/2/1/1/0/3/2/0/2/0/3/2/2/3/2/0/0/3/2/1/3/2/0/3/2/2/0/3/0/0/3/2/2/2/1/0/2/3/3/2/0/0/3/3/1/0/2/2/1/0/2/3/3/0/3/1/2/2/2/0/0/3/0/2/2/0/1/3/0/2/1/0/0/1/3/2/2/2/2/0/2/2/0/2/0/3
../gymjam_results/2020_04_22_experiments/checkpoints/experiment02_3_latest.pkl,-1,69.638680453884,-1,1/1/1/2/1/1/1/2/2/0/2/2/1/3/2/1/2/0/1/3/0/3/3/3/3/2/1/1/3/3/2/1/1/1/1/3/1/1/1/0/1/3/0/0/0/0/2/2/0/2/3/3/1/0/1/1/2/2/2/3/0/0/0/0/2/3/0/0/0/0/3/2/0/2/0/3/2/0/3/0/0/1/2/2/0/2/0/0/0/1/2/1/3/1/2/3/3/0/1/1
../gymjam_results/2020_04_22_experiments/checkpoints/experiment02_4_latest.pkl,-1,75.41762642931232,-1,1/1/1/0/1/1/1/1/0/2/2/1/3/0/1/1/1/3/3/2/1/1/0/3/1/0/0/3/0/2/1/1/1/2/1/0/0/3/1/2/2/1/3/3/0/3/2/3/1/3/0/0/2/0/1/1/2/0/0/0/3/0/2/2/0/3/3/0/2/3/2/1/3/0/2/3/1/3/2/0/1/0/0/1/0/3/1/0/0/1/2/0/3/3/0/2/1/1/1/1
../gymjam_results/2020_04_22_experiments/checkpoints/experiment02_5_latest.pkl,-1,65.444597662631,-1,1/1/1/1/1/1/0/1/2/1/1/3/1/0/0/3/3/2/0/3/1/3/3/3/0/2/0/3/1/3/1/1/1/0/1/0/2/1/3/1/3/1/2/0/2/1/2/1/1/2/1/0/3/0/0/0/2/2/1/3/0/1/1/0/0/3/1/2/3/3/3/3/3/3/0/0/1/2/1/3/1/3/1/3/2/3/2/0/2/0/2/2/1/0/3/3/0/2/2/3
../gymjam_results/2020_04_22_experiments/checkpoints/experiment02_6_latest.pkl,-1,57.511490425139385,-1,1/1/1/0/1/1/2/2/2/0/2/3/2/2/2/2/1/3/2/2/1/1/3/1/0/1/3/1/0/3/0/0/3/0/1/3/0/2/1/1/3/1/1/1/3/3/1/1/1/0/2/0/1/3/0/0/0/0/0/1/3/1/1/0/0/0/0/0/3/2/1/2/2/1/1/0/0/1/1/2/3/0/3/0/3/0/1/0/1/0/0/3/1/0/2/3/2/0/0/3
../gymjam_results/2020_04_22_experiments/checkpoints/experiment02_7_latest.pkl,-1,58.15758069142558,-1,1/1/1/1/2/1/2/1/2/2/3/0/1/2/2/2/1/0/3/0/0/1/3/1/3/3/1/1/3/2/3/2/2/2/0/3/1/2/0/2/0/1/1/2/1/0/2/3/3/3/1/2/0/3/2/2/0/3/3/0/1/2/2/3/2/1/0/3/2/1/2/2/1/1/0/3/3/3/0/0/1/0/0/2/3/0/0/3/2/2/2/1/3/2/1/0/0/1/0/0
../gymjam_results/2020_04_22_experiments/checkpoints/experiment02_8_latest.pkl,-1,86.08339408232263,-1,1/1/1/0/1/1/2/2/2/2/0/2/2/1/2/1/2/1/3/2/1/1/0/3/3/0/1/1/1/0/3/0/3/0/0/0/0/2/3/0/1/0/0/2/0/1/0/1/3/1/3/1/0/0/0/2/3/1/3/0/0/0/0/2/2/0/3/3/3/2/1/1/3/2/3/0/0/2/0/0/2/0/0/1/0/0/3/0/0/2/3/2/0/1/0/0/0/2/0/2
../gymjam_results/2020_04_22_experiments/checkpoints/experiment02_9_latest.pkl,-1,63.16054004417086,-1,1/2/1/3/2/2/1/1/1/2/2/3/0/2/2/2/0/1/2/1/3/0/2/1/0/2/0/0/0/2/1/2/2/2/0/1/2/0/1/0/1/0/1/3/1/2/0/3/3/3/3/1/0/2/0/3/1/1/0/0/3/0/2/0/3/3/3/1/3/1/0/0/3/1/1/3/3/1/2/2/3/2/0/1/0/1/1/3/2/3/1/2/0/2/2/0/1/1/1/2
../gymjam_results/2020_04_22_experiments/checkpoints/experiment03_10_latest.pkl,-1,59.52121212493131,-1,0/1/1/2/1/1/2/1/1/0/1/1/1/1/0/0/0/0/1/3/1/1/0/0/3/0/3/0/3/0/3/0/3/1/3/1/2/3/0/3/2/1/2/3/0/1/0/3/2/1/3/1/0/3/3/1/3/0/0/2/1/1/3/2/0/3/2/0/1/1/0/0/0/0/3/1/0/0/0/1/0/3/1/0/0/0/1/3/1/3/2/2/0/1/0/1/2/2/1/0
../gymjam_results/2020_04_22_experiments/checkpoints/experiment03_11_latest.pkl,-1,64.91151424877384,-1,0/1/1/1/1/1/2/2/2/2/1/2/1/3/2/2/3/3/2/2/2/3/0/3/0/3/0/1/2/1/3/0/1/1/0/2/2/2/2/1/2/0/1/2/2/0/0/1/0/3/3/2/0/2/3/0/1/1/2/3/2/0/2/0/1/3/0/0/1/0/3/0/0/2/2/3/0/3/1/0/2/2/1/2/3/1/2/0/1/1/3/1/1/1/1/3/3/1/2/0
../gymjam_results/2020_04_22_experiments/checkpoints/experiment03_12_latest.pkl,-1,60.014014561226986,-1,1/1/1/1/1/0/2/0/2/2/2/1/0/2/1/1/2/1/3/3/1/0/1/1/0/0/1/0/0/3/3/1/3/3/3/0/1/0/1/3/3/3/1/2/1/1/1/0/1/0/3/2/2/1/1/0/0/3/0/3/2/0/1/3/2/0/2/2/1/1/3/1/1/1/3/0/2/2/0/0/0/3/1/2/2/2/0/3/0/1/2/3/2/1/3/1/2/0/2/3
../gymjam_results/2020_04_22_experiments/checkpoints/experiment03_13_latest.pkl,-1,49.90776898670279,-1,1/1/1/1/1/1/1/3/0/2/1/2/2/2/2/0/1/1/3/3/0/2/1/3/3/1/1/0/1/0/1/2/2/3/1/2/2/1/2/3/3/0/2/3/1/3/0/0/1/0/2/2/2/3/0/3/2/2/3/0/2/1/3/3/0/1/1/1/1/0/2/2/3/1/0/0/1/2/1/0/1/0/0/3/0/0/1/0/2/3/0/0/0/1/3/2/2/1/0/3
../gymjam_results/2020_04_22_experiments/checkpoints/experiment03_14_latest.pkl,-1,58.46650090468958,-1,2/1/1/1/1/1/1/2/0/2/2/0/0/0/1/1/3/0/1/0/2/3/2/1/1/3/3/0/2/1/0/3/3/1/3/1/3/2/1/1/0/3/0/3/0/2/2/0/1/2/3/1/0/1/1/2/1/1/1/1/1/2/0/1/3/2/3/0/3/3/2/0/2/0/2/0/2/3/1/3/0/2/1/0/2/3/2/1/2/0/3/1/1/3/2/2/1/2/0/1
../gymjam_results/2020_04_22_experiments/checkpoints/experiment03_15_latest.pkl,-1,56.75522956915762,-1,1/1/2/1/2/1/1/1/1/2/1/3/3/2/2/0/2/0/0/0/3/1/1/2/3/1/1/1/1/1/3/1/3/1/0/1/2/1/0/1/1/1/2/0/1/2/1/3/3/0/2/3/3/3/3/0/1/0/1/3/2/0/0/0/3/0/1/0/0/1/3/3/0/1/3/0/2/0/0/3/0/3/1/1/3/0/0/0/1/3/1/1/0/1/0/0/2/1/3/2
../gymjam_results/2020_04_22_experiments/checkpoints/experiment03_16_latest.pkl,-1,53.77147593992737,-1,1/1/1/1/2/1/2/2/2/1/0/2/2/1/3/3/2/1/2/2/2/1/3/3/1/0/0/1/0/2/3/1/1/0/2/0/1/2/3/3/3/2/2/1/1/2/1/3/2/1/0/2/3/0/2/0/3/1/3/3/1/0/1/2/3/0/3/1/0/2/1/3/1/2/3/1/3/2/1/1/0/2/1/3/0/2/2/3/3/1/0/0/0/0/0/1/2/2/3/1
../gymjam_results/2020_04_22_experiments/checkpoints/experiment03_17_latest.pkl,-1,60.97032821891091,-1,2/1/0/2/0/3/2/1/1/1/2/0/1/0/2/2/1/1/2/0/2/2/3/2/1/2/0/0/3/2/0/2/0/2/2/3/3/1/3/1/3/0/3/0/3/3/1/1/1/3/0/3/3/2/0/0/3/2/0/3/3/1/2/3/1/3/2/1/1/2/2/0/3/3/2/2/1/3/1/3/3/0/2/2/0/2/0/2/2/3/3/3/0/3/3/1/1/1/0/0
../gymjam_results/2020_04_22_experiments/checkpoints/experiment03_18_latest.pkl,-1,61.45915780858499,-1,1/1/1/1/0/2/1/2/1/1/2/2/0/2/0/2/1/3/0/3/1/0/1/2/1/1/0/3/3/2/3/0/2/2/2/3/2/2/2/0/0/2/1/1/2/3/2/1/3/2/2/0/2/3/3/2/0/3/0/0/0/3/0/3/2/2/1/1/2/1/0/0/0/3/2/1/3/2/0/2/2/2/2/2/3/0/1/2/0/1/3/2/0/3/3/0/2/0/1/0
../gymjam_results/2020_04_22_experiments/checkpoints/experiment03_19_latest.pkl,-1,59.471480743010176,-1,1/1/1/1/1/1/3/2/2/1/2/2/2/3/2/0/3/2/2/3/0/1/0/2/2/0/3/0/1/2/2/0/3/3/1/1/3/1/3/0/0/2/0/0/2/1/3/0/1/1/0/3/0/1/0/2/0/2/0/1/3/0/2/0/1/3/3/2/1/3/0/2/3/2/2/0/0/1/3/1/0/3/2/2/2/1/3/2/1/2/0/3/3/3/3/2/3/1/2/1
../gymjam_results/2020_04_22_experiments/checkpoints/experiment03_1_latest.pkl,-1,55.9814782615199,-1,1/2/1/1/1/1/1/2/1/1/1/3/2/3/3/2/2/1/0/1/3/0/1/3/3/3/0/1/3/0/3/1/0/1/3/2/3/3/2/3/1/2/3/1/0/3/1/3/2/3/0/1/2/1/3/1/1/1/2/1/1/2/3/1/0/3/0/1/3/0/0/0/1/1/1/1/0/0/2/0/3/1/2/2/2/3/1/3/1/3/1/0/1/3/0/3/2/2/2/2
../gymjam_results/2020_04_22_experiments/checkpoints/experiment03_20_latest.pkl,-1,77.6284440013668,-1,0/1/1/1/1/1/1/0/1/1/2/2/0/3/1/1/2/1/0/1/1/1/1/3/1/1/3/3/0/0/3/3/2/3/3/2/0/3/2/1/3/2/0/0/2/3/1/2/1/0/1/2/1/0/0/3/3/0/1/0/3/3/2/0/0/1/2/3/0/0/0/2/3/1/3/1/2/3/2/0/0/1/2/2/0/0/1/2/2/3/2/3/0/3/2/3/0/2/1/2
../gymjam_results/2020_04_22_experiments/checkpoints/experiment03_2_latest.pkl,-1,50.01309577012063,-1,1/1/1/2/1/2/0/2/1/1/2/0/1/0/2/1/2/1/3/2/0/1/0/1/3/1/0/0/0/3/3/0/0/2/1/0/1/3/0/3/1/3/1/2/1/2/2/2/0/3/0/1/3/2/2/2/3/3/2/1/3/3/1/3/0/3/1/3/1/3/3/1/3/1/0/3/0/2/1/1/1/2/0/0/0/1/2/3/0/3/2/1/3/1/2/0/1/1/2/1
../gymjam_results/2020_04_22_experiments/checkpoints/experiment03_3_latest.pkl,-1,60.64291386465163,-1,1/1/1/1/2/1/1/1/2/3/0/2/2/2/0/1/0/0/0/0/0/1/0/1/3/3/1/0/3/2/2/0/2/2/0/1/1/0/1/0/3/0/1/1/3/0/1/0/2/1/1/3/0/0/3/3/0/0/2/1/2/2/2/2/3/0/3/3/3/3/2/3/0/1/3/2/3/3/1/1/1/0/1/1/0/3/3/0/3/3/2/2/1/1/3/3/3/2/1/1
../gymjam_results/2020_04_22_experiments/checkpoints/experiment03_4_latest.pkl,-1,72.07746603706926,-1,2/2/1/1/1/2/2/3/3/0/0/1/1/2/1/1/2/2/1/2/1/0/1/1/3/3/2/2/1/2/0/2/3/2/2/2/1/0/0/1/1/0/1/1/1/2/1/2/1/0/2/0/1/1/2/2/1/3/2/1/1/2/1/2/1/3/2/0/3/2/0/3/0/0/2/2/0/1/3/0/1/1/3/3/1/3/1/1/1/3/1/3/1/2/1/3/0/0/1/2
../gymjam_results/2020_04_22_experiments/checkpoints/experiment03_5_latest.pkl,-1,60.84026983502278,-1,2/0/1/2/1/2/3/1/1/2/2/0/2/2/2/0/1/0/2/3/1/2/0/2/2/3/2/2/1/2/1/2/2/1/2/1/2/0/0/2/3/0/3/2/2/0/3/2/2/0/2/1/1/3/1/2/2/3/0/0/0/3/1/3/0/0/2/2/2/1/1/1/0/3/1/2/1/0/0/0/2/1/1/3/3/3/1/2/3/0/0/3/1/0/1/3/3/0/3/0
../gymjam_results/2020_04_22_experiments/checkpoints/experiment03_6_latest.pkl,-1,55.28059811569372,-1,2/1/2/2/1/3/2/1/1/1/1/3/2/3/0/2/1/2/2/2/0/3/2/2/0/1/2/2/1/1/2/1/2/2/1/0/1/0/0/0/1/3/0/1/2/0/0/0/3/1/1/3/3/2/1/2/1/1/3/2/0/0/1/2/3/3/1/2/0/3/0/1/0/2/0/0/1/1/3/3/3/0/3/0/0/0/3/0/2/2/2/1/3/2/2/2/0/2/3/1
../gymjam_results/2020_04_22_experiments/checkpoints/experiment03_7_latest.pkl,-1,54.93225820250771,-1,1/1/1/2/1/2/2/1/1/1/0/2/1/3/1/0/0/2/0/0/3/1/0/1/0/3/1/3/3/2/3/0/0/1/3/2/0/2/0/3/0/2/1/2/2/0/1/2/2/1/1/2/3/1/0/3/0/3/2/3/2/1/2/2/1/1/3/2/1/1/1/0/2/2/1/1/0/1/2/2/1/3/0/2/2/0/3/3/1/1/0/1/2/2/3/2/0/0/0/3
../gymjam_results/2020_04_22_experiments/checkpoints/experiment03_8_latest.pkl,-1,54.04437862036889,-1,1/1/1/1/1/1/2/2/2/3/2/2/1/2/0/2/1/3/0/0/0/3/0/3/0/3/3/2/2/1/2/2/3/0/0/3/3/0/2/0/1/0/0/2/3/0/2/1/1/1/0/1/0/0/0/2/2/1/3/0/0/0/3/1/2/0/2/2/0/0/1/1/2/1/0/2/0/2/3/3/0/2/1/1/3/1/0/1/1/2/3/2/1/1/2/3/0/2/2/0
../gymjam_results/2020_04_22_experiments/checkpoints/experiment03_9_latest.pkl,-1,58.18078500228543,-1,1/1/1/1/0/1/1/0/1/1/2/2/1/2/0/3/0/3/2/1/1/3/3/0/2/2/3/2/1/2/2/2/3/2/3/3/0/1/3/2/2/2/2/2/2/0/0/1/0/1/0/2/0/2/1/1/2/0/3/0/0/3/1/1/1/2/3/1/2/0/2/0/3/3/0/1/3/3/2/3/1/3/0/0/2/3/2/1/3/0/1/3/3/0/1/1/1/1/0/3
../gymjam_results/2020_04_22_experiments/checkpoints/experiment04_10_latest.pkl,-1,39.88240505549169,-1,1/1/1/1/2/0/1/2/2/1/1/1/1/0/3/2/0/3/1/0/0/1/2/2/3/3/3/3/1/3/1/0/3/2/3/1/0/3/0/0/2/2/1/0/2/1/0/0/1/1/0/1/2/1/1/2/1/0/0/1/1/3/3/2/3/1/0/2/1/1/1/0/2/1/0/2/1/0/0/1/0/1/1/3/2/2/0/1/3/1/1/2/2/2/0/3/0/3/3/1
../gymjam_results/2020_04_22_experiments/checkpoints/experiment04_11_latest.pkl,-1,46.11132631468712,-1,1/1/1/1/1/2/1/1/3/2/2/1/2/3/2/1/0/2/0/0/3/0/3/2/3/0/0/0/0/1/0/0/0/1/2/3/3/1/0/1/1/2/1/3/3/1/1/2/0/0/0/3/1/1/0/0/0/2/0/0/2/1/2/0/3/0/0/1/0/3/1/1/0/0/3/3/2/1/3/0/1/3/3/1/0/0/1/2/2/1/3/0/1/0/3/0/2/0/1/3
../gymjam_results/2020_04_22_experiments/checkpoints/experiment04_12_latest.pkl,-1,57.56168797330503,-1,2/1/2/1/3/2/1/2/1/2/1/2/2/0/2/2/3/2/2/1/2/3/0/2/0/2/0/0/2/2/2/3/3/1/2/2/3/3/0/0/0/2/2/2/1/3/0/0/1/0/3/0/2/3/3/2/2/0/0/0/1/2/0/2/2/1/2/1/1/0/3/3/3/3/0/0/2/1/3/1/3/0/3/2/3/3/1/2/0/1/1/1/3/3/1/3/3/0/3/0
../gymjam_results/2020_04_22_experiments/checkpoints/experiment04_13_latest.pkl,-1,46.88477310014579,-1,1/2/2/1/2/2/1/3/1/3/0/0/2/2/2/1/1/1/2/3/2/2/2/0/1/2/2/3/1/2/2/2/0/3/3/2/3/2/1/0/3/3/2/3/3/0/3/2/1/3/1/3/2/2/0/1/1/1/2/2/1/1/1/1/0/2/3/2/1/2/0/3/1/0/0/2/0/3/3/3/3/1/3/3/1/1/1/1/0/3/3/3/2/3/2/2/3/3/3/0
../gymjam_results/2020_04_22_experiments/checkpoints/experiment04_14_latest.pkl,-1,38.79537049506823,-1,2/1/2/1/2/3/0/1/1/0/3/2/1/1/1/2/2/1/1/2/2/2/2/1/3/0/0/2/2/3/1/1/2/0/3/3/3/0/3/0/2/2/0/2/3/1/2/1/2/0/1/1/0/2/1/1/1/2/0/0/2/0/2/2/2/1/3/1/0/0/1/3/0/3/2/2/0/2/2/0/2/2/2/2/0/1/3/0/2/3/3/3/1/2/1/1/2/3/0/0
../gymjam_results/2020_04_22_experiments/checkpoints/experiment04_15_latest.pkl,-1,37.763456291660134,-1,2/0/2/2/0/1/1/0/2/1/1/2/1/3/2/2/2/2/2/2/1/3/1/3/2/0/3/2/1/1/3/2/2/0/0/2/3/0/3/0/1/0/1/0/2/2/1/3/3/0/0/3/3/1/1/2/3/2/3/2/3/2/1/2/3/1/1/1/0/3/3/0/0/1/2/3/1/3/2/1/3/0/3/3/1/3/1/3/0/3/3/0/3/2/0/3/3/0/1/2
../gymjam_results/2020_04_22_experiments/checkpoints/experiment04_16_latest.pkl,-1,59.26750277200503,-1,1/2/2/0/1/2/3/2/1/1/2/2/0/1/1/0/2/3/2/1/2/2/2/2/2/2/0/0/2/2/1/1/2/1/0/1/1/3/2/0/2/3/3/0/0/2/1/2/0/2/3/0/3/2/2/3/3/0/0/0/1/2/3/3/3/2/0/0/3/1/3/3/2/2/2/3/0/3/0/2/2/0/3/2/1/2/2/0/0/2/1/1/1/2/0/2/1/1/3/2
../gymjam_results/2020_04_22_experiments/checkpoints/experiment04_17_latest.pkl,-1,44.789114467499985,-1,0/1/2/1/2/1/2/2/3/1/2/1/2/2/0/3/1/1/0/2/2/2/3/2/2/3/3/0/2/1/3/3/2/1/2/1/2/3/3/2/1/1/3/2/1/0/2/1/0/2/0/3/0/0/3/3/1/2/0/2/3/1/1/0/0/1/1/2/3/1/2/3/3/1/3/1/3/1/2/1/2/1/3/1/1/1/1/1/0/1/2/2/3/2/3/1/3/2/1/2
../gymjam_results/2020_04_22_experiments/checkpoints/experiment04_18_latest.pkl,-1,50.14897218243772,-1,1/1/2/1/1/0/1/2/2/2/0/1/2/3/2/2/2/2/2/3/3/3/2/1/3/0/2/3/3/2/1/0/3/2/1/3/1/2/1/2/1/0/2/0/0/3/1/3/0/2/2/1/1/2/1/2/3/2/0/3/0/0/0/2/2/2/0/0/3/1/1/0/2/3/1/1/1/1/0/3/0/1/3/3/1/0/1/0/0/2/1/0/3/0/0/0/1/3/3/2
../gymjam_results/2020_04_22_experiments/checkpoints/experiment04_19_latest.pkl,-1,52.173376368029466,-1,1/2/2/0/2/1/2/2/1/1/1/3/1/2/3/0/2/2/2/2/1/0/2/0/1/1/0/0/0/1/1/2/1/2/0/2/0/2/3/1/2/1/0/1/0/1/0/1/2/1/1/0/1/0/1/3/3/2/2/0/1/3/3/0/1/0/1/2/2/1/3/1/1/3/2/0/0/1/3/1/2/1/0/1/1/3/0/0/1/2/0/2/2/3/0/2/3/0/2/0
../gymjam_results/2020_04_22_experiments/checkpoints/experiment04_1_latest.pkl,-1,46.8813652028162,-1,1/1/2/0/2/0/1/1/1/2/1/2/1/2/1/2/1/2/3/3/1/1/3/3/1/0/0/2/0/0/1/0/2/3/3/0/1/3/1/3/1/3/0/0/2/1/2/1/1/0/3/2/1/2/0/2/1/3/2/0/0/1/3/3/0/1/1/3/3/0/2/2/3/0/3/1/3/0/0/1/1/0/0/3/3/1/2/1/2/2/0/2/2/3/2/0/1/3/0/1
../gymjam_results/2020_04_22_experiments/checkpoints/experiment04_20_latest.pkl,-1,48.523443393584074,-1,3/1/2/1/1/0/2/1/1/2/2/2/2/3/1/2/2/0/2/1/1/1/2/1/0/2/0/2/1/2/2/1/1/3/2/0/0/2/2/1/2/2/0/2/0/3/2/0/2/0/3/3/3/3/3/1/0/2/2/3/2/0/0/0/0/3/0/1/1/3/1/1/1/2/1/3/2/2/1/3/3/3/1/0/0/0/2/3/2/2/0/1/2/2/2/3/3/3/3/2
../gymjam_results/2020_04_22_experiments/checkpoints/experiment04_2_latest.pkl,-1,63.453162739769795,-1,1/1/0/1/1/1/2/1/1/0/2/2/1/2/3/1/3/2/1/1/0/3/0/0/1/0/0/3/2/1/3/1/3/2/0/2/3/1/0/2/0/3/1/3/2/1/0/3/3/1/3/3/1/0/3/0/3/0/2/3/1/2/0/3/3/2/3/3/1/1/1/3/0/1/0/3/2/2/3/2/2/1/3/3/3/3/3/3/3/1/1/2/0/1/0/0/1/2/1/1
../gymjam_results/2020_04_22_experiments/checkpoints/experiment04_3_latest.pkl,-1,43.74910302952793,-1,1/1/1/0/1/1/1/1/1/0/1/3/2/0/2/3/0/0/3/1/3/3/0/2/2/1/1/0/0/1/1/1/2/0/3/0/3/1/1/0/1/3/3/0/1/1/0/2/2/1/3/3/1/0/1/1/1/1/0/2/2/3/0/0/1/1/2/0/3/1/0/1/2/1/3/1/2/2/1/1/1/0/2/2/2/2/0/2/1/3/3/2/1/0/2/0/1/3/2/2
../gymjam_results/2020_04_22_experiments/checkpoints/experiment04_4_latest.pkl,-1,64.65709921499584,-1,0/1/1/1/1/2/1/0/1/2/2/1/1/1/0/2/3/1/3/3/0/3/0/3/3/3/3/3/0/3/3/2/0/3/1/0/0/1/1/2/0/0/0/2/1/3/2/2/0/0/2/0/0/0/0/3/0/1/0/2/0/3/0/0/2/2/1/3/3/3/2/2/1/2/1/3/3/1/2/3/0/0/3/2/2/0/0/2/1/2/3/0/3/3/3/0/0/1/0/3
../gymjam_results/2020_04_22_experiments/checkpoints/experiment04_5_latest.pkl,-1,57.52061649633882,-1,1/1/1/1/1/2/0/2/2/1/0/2/2/2/2/2/3/3/1/1/0/1/1/0/2/3/0/1/0/0/2/0/2/2/0/0/0/3/3/1/2/3/0/2/3/0/3/2/0/1/3/2/3/0/3/1/0/0/3/3/2/2/0/1/1/3/2/3/3/1/2/0/0/0/1/2/3/3/2/0/0/2/3/0/0/3/2/3/1/0/3/0/2/2/2/3/3/3/3/1
../gymjam_results/2020_04_22_experiments/checkpoints/experiment04_6_latest.pkl,-1,53.91967708266162,-1,2/2/0/2/2/2/1/1/2/2/1/1/2/1/3/3/2/2/2/1/3/2/2/2/3/1/1/2/2/2/3/1/2/1/1/1/2/1/0/3/3/0/2/3/1/1/1/0/3/1/3/3/1/3/3/2/2/1/1/2/0/0/2/1/1/3/0/3/1/2/2/3/1/0/0/3/0/2/1/3/1/2/0/1/2/2/2/3/2/1/3/3/0/2/3/3/1/0/3/1
../gymjam_results/2020_04_22_experiments/checkpoints/experiment04_7_latest.pkl,-1,52.127521597667936,-1,2/0/2/2/1/1/1/1/0/2/0/2/1/2/3/2/1/3/3/2/0/3/3/0/1/0/2/1/3/3/2/2/3/1/2/3/2/1/2/1/3/3/0/2/0/1/3/1/2/0/1/1/2/0/1/0/3/3/1/3/2/0/1/0/0/1/2/0/1/3/3/3/1/0/0/1/3/0/1/2/3/0/1/1/2/1/1/0/3/3/3/2/3/3/1/2/3/0/0/2
../gymjam_results/2020_04_22_experiments/checkpoints/experiment04_8_latest.pkl,-1,41.91595482579103,-1,1/2/1/1/2/1/0/1/0/2/1/1/1/1/2/3/2/2/0/1/3/0/0/0/3/3/3/2/1/3/0/1/2/3/2/3/3/3/1/0/2/3/0/3/2/2/2/3/0/2/0/0/0/3/1/3/1/0/3/2/1/0/2/2/2/3/1/0/1/2/0/3/1/3/2/0/3/3/2/1/2/3/0/3/1/0/0/3/2/1/3/1/1/3/0/1/0/0/3/2
../gymjam_results/2020_04_22_experiments/checkpoints/experiment04_9_latest.pkl,-1,49.86357785103621,-1,1/1/1/2/1/3/1/1/2/1/2/1/2/2/1/2/3/3/3/0/3/0/0/3/3/0/1/3/3/1/2/3/0/1/1/3/1/3/1/0/3/3/2/1/0/3/3/0/1/1/0/1/2/3/2/0/3/0/3/0/3/2/2/0/0/1/1/1/3/3/3/1/3/3/0/0/1/0/2/2/1/3/3/1/0/2/1/3/3/2/0/3/3/2/1/1/3/2/0/0
../gymjam_results/2020_04_22_experiments/checkpoints/experiment05_10_latest.pkl,-1,57.322477847640386,-1,2/1/1/1/1/1/1/2/1/0/0/2/0/0/2/1/3/0/0/1/1/3/0/3/3/0/0/2/1/3/2/1/3/0/3/0/0/2/1/3/0/3/2/1/1/1/0/1/3/2/1/2/1/1/1/1/2/2/0/2/0/3/3/1/1/1/3/1/0/0/3/1/0/3/2/0/2/2/3/2/1/2/3/2/3/2/3/2/1/1/3/2/1/2/1/2/2/3/2/3
../gymjam_results/2020_04_22_experiments/checkpoints/experiment05_11_latest.pkl,-1,40.83377309050016,-1,1/2/2/0/1/2/1/0/3/2/2/0/1/1/2/0/1/1/2/2/2/3/1/0/1/1/2/1/2/3/2/1/2/1/1/0/0/0/2/3/3/3/1/2/1/0/0/0/2/0/2/2/3/1/3/0/1/2/2/2/2/1/3/3/0/0/2/1/1/3/2/3/2/1/3/0/1/0/2/2/1/3/0/3/0/3/0/2/0/1/2/0/2/1/3/3/0/1/2/1
../gymjam_results/2020_04_22_experiments/checkpoints/experiment05_12_latest.pkl,-1,45.45638841115158,-1,1/1/1/1/1/1/1/0/3/1/0/2/2/0/1/1/2/2/3/3/3/3/2/2/3/3/0/0/1/0/0/3/0/0/2/2/0/1/1/2/1/1/3/1/0/0/0/3/1/1/2/1/2/3/1/1/1/0/0/2/1/0/0/3/3/3/0/1/3/3/3/0/0/1/3/1/2/2/0/2/1/1/3/3/3/2/0/2/1/2/3/3/2/0/0/2/1/0/1/0
../gymjam_results/2020_04_22_experiments/checkpoints/experiment05_13_latest.pkl,-1,46.48723086745949,-1,2/2/0/0/0/0/2/1/1/0/1/1/2/1/1/0/0/2/2/2/2/2/0/2/1/2/2/2/1/3/1/3/1/2/1/3/1/2/3/3/1/2/3/3/1/2/3/3/1/3/3/3/3/3/1/2/1/2/3/1/2/0/2/1/3/3/0/2/2/1/2/2/3/3/3/3/2/1/3/2/0/3/2/0/0/1/3/3/1/1/3/2/3/2/3/2/3/3/0/1
../gymjam_results/2020_04_22_experiments/checkpoints/experiment05_14_latest.pkl,-1,31.20287200496844,-1,1/0/1/1/2/1/1/0/1/0/1/1/1/2/0/1/1/0/0/3/2/0/0/3/3/3/1/1/1/0/0/3/2/2/2/0/1/1/3/1/3/3/0/1/3/2/3/2/2/1/2/2/1/2/1/2/2/1/3/3/1/3/0/2/1/0/3/3/1/3/1/0/2/0/1/3/1/1/0/1/2/2/3/3/2/1/1/2/1/1/2/2/1/1/1/0/3/3/1/1
../gymjam_results/2020_04_22_experiments/checkpoints/experiment05_15_latest.pkl,-1,245.89976843886862,-1,2/2/2/2/1/0/2/0/1/1/2/0/0/3/2/1/2/2/2/1/0/1/2/3/1/2/3/3/3/0/2/2/1/2/2/2/0/2/0/1/2/2/0/2/1/2/2/1/3/3/3/3/1/1/2/0/1/1/0/3/1/1/0/3/0/2/0/2/0/2/0/0/2/0/1/3/3/1/3/0/1/1/0/0/1/0/1/0/0/0/2/1/1/0/1/1/1/3/1/0
../gymjam_results/2020_04_22_experiments/checkpoints/experiment05_16_latest.pkl,-1,47.130084917171956,-1,1/1/1/1/1/1/2/1/0/1/0/3/3/1/1/1/0/2/1/0/0/3/3/0/3/2/1/3/3/0/0/1/2/0/3/1/2/2/1/1/3/1/1/2/3/1/2/3/2/2/2/1/1/2/0/0/2/2/2/1/2/2/1/1/1/2/1/1/0/0/3/1/2/1/2/3/2/2/0/2/3/3/2/2/2/3/0/2/3/2/1/2/1/2/3/1/2/3/2/3
../gymjam_results/2020_04_22_experiments/checkpoints/experiment05_17_latest.pkl,-1,37.751144473169774,-1,1/1/1/1/0/1/1/1/2/0/2/0/1/2/0/0/2/1/1/3/2/3/0/0/1/1/2/3/2/2/0/2/0/0/2/1/3/3/3/2/3/3/0/1/0/0/2/3/3/0/1/3/3/0/3/0/1/3/2/3/3/0/1/1/3/2/1/2/1/2/0/0/3/1/2/0/2/2/3/0/2/0/3/2/2/2/2/3/0/0/0/0/1/2/3/1/3/0/0/3
../gymjam_results/2020_04_22_experiments/checkpoints/experiment05_18_latest.pkl,-1,45.00345300693854,-1,1/1/1/1/1/1/2/2/0/1/0/1/1/3/2/3/3/2/0/0/3/1/0/3/3/2/1/2/0/3/2/1/3/1/1/0/1/1/1/1/3/2/1/3/0/0/0/3/3/0/3/1/3/3/0/2/2/2/0/3/1/3/3/3/3/0/3/1/1/2/0/1/2/0/3/3/1/0/0/2/0/2/3/1/2/0/0/1/0/3/0/1/3/0/2/2/1/1/1/1
../gymjam_results/2020_04_22_experiments/checkpoints/experiment05_19_latest.pkl,-1,62.100746286145835,-1,1/2/1/1/1/0/2/1/2/1/2/2/2/2/2/3/2/2/3/0/3/1/1/1/0/0/1/3/0/0/0/0/1/2/1/1/0/2/1/0/0/3/2/3/3/2/3/2/3/0/2/3/3/0/3/3/2/1/1/0/0/2/2/3/3/1/3/0/0/3/1/0/1/3/3/0/1/1/3/1/1/0/3/2/1/1/3/1/0/2/2/2/3/3/1/2/1/1/1/0
../gymjam_results/2020_04_22_experiments/checkpoints/experiment05_1_latest.pkl,-1,49.131357274292554,-1,1/1/1/1/2/2/1/2/3/1/1/0/1/1/1/0/1/0/2/3/1/3/0/2/1/2/2/2/2/1/3/0/3/0/0/0/3/1/3/3/0/3/0/3/2/3/3/2/0/1/1/1/3/2/3/2/3/2/0/2/0/0/0/0/1/1/2/2/1/0/3/2/0/1/3/2/2/1/3/2/0/3/1/2/2/0/1/2/3/2/0/1/2/1/0/0/2/1/0/0
../gymjam_results/2020_04_22_experiments/checkpoints/experiment05_20_latest.pkl,-1,46.55443900657275,-1,1/1/0/1/1/1/1/2/0/1/1/1/3/2/1/0/1/0/1/3/3/3/0/3/1/2/2/2/1/2/2/3/0/1/3/2/0/0/3/3/2/3/0/2/2/3/3/3/0/0/0/2/2/2/0/1/1/2/2/3/2/1/1/0/0/2/0/0/0/0/0/2/0/2/0/2/1/2/3/2/2/1/2/1/1/1/0/3/0/1/2/0/2/1/3/0/0/2/0/0
../gymjam_results/2020_04_22_experiments/checkpoints/experiment05_2_latest.pkl,-1,45.840385881867974,-1,1/1/1/1/1/2/1/1/1/2/3/2/3/1/0/0/0/0/1/0/0/3/3/3/2/3/0/0/0/1/0/0/1/3/3/3/3/3/1/3/0/0/3/2/3/1/1/0/1/3/1/1/3/3/0/2/3/3/0/1/1/3/2/2/3/2/0/3/2/2/0/2/0/2/0/0/1/0/2/0/3/3/1/3/2/1/1/0/1/3/1/1/0/0/3/2/3/2/1/2
../gymjam_results/2020_04_22_experiments/checkpoints/experiment05_3_latest.pkl,-1,35.01677370978038,-1,1/2/2/0/1/2/1/3/2/0/2/0/2/1/2/2/1/2/2/1/0/2/3/3/2/2/3/3/2/2/2/0/3/2/3/3/0/0/2/3/3/1/2/0/3/3/3/3/0/2/3/2/0/1/3/3/1/1/3/2/0/2/2/3/3/1/2/2/1/1/2/0/2/0/1/1/1/2/1/3/1/3/2/2/3/2/3/3/2/3/3/2/2/3/2/3/2/3/1/0
../gymjam_results/2020_04_22_experiments/checkpoints/experiment05_4_latest.pkl,-1,56.329344706315396,-1,1/1/1/0/1/1/2/2/2/2/2/0/2/0/2/0/2/1/0/2/2/0/2/3/0/0/0/2/1/2/0/3/2/0/0/0/3/0/1/2/2/2/2/1/2/3/1/1/3/1/1/0/1/1/2/3/2/1/2/0/3/2/3/3/1/0/1/2/0/2/0/3/1/3/2/2/0/0/0/1/0/2/0/1/0/2/3/2/3/3/1/1/1/3/0/1/3/3/1/2
../gymjam_results/2020_04_22_experiments/checkpoints/experiment05_5_latest.pkl,-1,32.39949144049538,-1,1/1/0/2/1/1/1/1/1/1/1/1/3/3/1/3/1/0/3/2/3/2/0/0/3/0/0/1/1/3/0/1/3/3/0/2/3/3/2/1/2/0/1/2/1/1/3/0/3/0/2/0/0/2/2/2/1/3/0/3/3/1/0/3/2/0/0/1/3/3/1/1/3/3/2/1/3/2/0/3/1/1/3/3/3/1/3/3/0/1/2/1/2/3/1/0/2/3/2/0
../gymjam_results/2020_04_22_experiments/checkpoints/experiment05_6_latest.pkl,-1,61.6869448186182,-1,1/2/1/1/1/1/2/0/0/1/2/0/1/2/1/2/0/0/3/3/1/0/3/0/2/3/2/1/0/1/0/0/0/0/2/0/1/2/2/1/2/0/0/1/0/1/0/1/2/0/2/1/2/0/2/0/2/3/3/1/0/0/0/3/3/2/2/3/2/1/0/1/1/2/2/0/1/3/2/3/1/2/1/1/0/3/0/1/2/0/2/0/0/2/0/0/2/2/1/1
../gymjam_results/2020_04_22_experiments/checkpoints/experiment05_7_latest.pkl,-1,53.79867763408362,-1,1/1/1/1/0/1/1/1/1/0/1/2/2/2/3/3/1/0/1/3/3/1/0/3/1/2/1/3/0/1/3/3/1/2/2/1/0/0/2/1/0/2/0/1/3/2/3/2/2/3/3/1/2/3/3/3/2/2/3/2/2/3/1/0/2/2/3/2/2/2/0/2/0/0/3/2/1/3/0/3/0/0/1/2/0/3/1/2/0/1/2/3/3/3/3/0/3/1/2/2
../gymjam_results/2020_04_22_experiments/checkpoints/experiment05_8_latest.pkl,-1,51.60351854135382,-1,2/0/2/2/1/3/1/3/1/1/2/2/1/2/1/1/2/2/2/1/3/0/1/0/2/2/0/2/1/3/2/1/0/2/0/1/2/0/2/1/2/0/3/2/1/0/3/3/0/2/2/0/0/0/3/1/2/3/3/1/2/3/2/3/1/0/2/1/0/3/0/3/0/2/2/0/3/3/2/2/3/3/0/3/0/2/2/3/3/3/2/1/1/3/3/0/2/3/0/1
../gymjam_results/2020_04_22_experiments/checkpoints/experiment05_9_latest.pkl,-1,55.16074702736421,-1,1/1/1/1/1/1/1/2/0/3/2/2/2/0/3/2/2/2/1/1/3/0/1/3/2/3/0/0/0/3/3/3/2/0/0/3/1/3/0/2/2/3/1/0/3/0/0/1/1/1/1/2/2/0/1/2/1/2/0/2/2/0/1/1/0/2/2/0/0/3/2/1/3/0/2/2/1/2/2/0/0/2/1/0/0/2/1/1/0/3/3/2/1/3/1/2/3/0/0/0
../gymjam_results/2020_04_22_experiments/checkpoints/experiment06_10_latest.pkl,76,-2533.822764267794,40.15938378520886,1/1/2/1/2/2/1/2/0/2/1/1/2/1/2/2/3/0/2/0/1/1/0/3/2/1/3/3/3/2/3/0/0/0/3/1/3/2/0/0/1/0/1/3/3/0/2/3/1/0/3/2/3/3/2/1/0/0/1/3/1/3/1/2/2/0/0/0/3/2/0/0/1/1/1/1/2/1/1/2/2/0/1/2/1/0/1/0/1/2/1/3/1/3/2/2/2/1/3/0
../gymjam_results/2020_04_22_experiments/checkpoints/experiment06_11_latest.pkl,72,-2545.194212366397,50.88167561131087,2/1/2/2/1/2/1/3/2/0/1/2/3/2/1/2/1/0/2/0/0/2/0/1/0/3/3/2/3/2/2/3/2/2/2/2/2/1/3/0/1/3/0/1/3/1/2/0/3/2/2/2/1/2/3/3/1/3/1/1/3/0/2/1/3/3/0/1/3/0/3/3/1/0/1/1/3/0/1/2/3/2/3/1/2/0/3/1/0/0/1/1/3/3/1/3/2/0/3/0
../gymjam_results/2020_04_22_experiments/checkpoints/experiment06_12_latest.pkl,72,-3285.9907828418463,67.96241972527523,0/2/2/1/0/2/1/1/2/0/1/0/1/2/1/3/2/3/2/2/2/1/1/2/2/2/1/2/1/2/1/1/1/3/3/3/2/2/1/0/0/2/1/3/1/1/3/0/2/0/1/2/2/0/2/0/3/1/3/1/3/2/0/0/3/0/1/1/0/1/2/0/1/0/2/2/2/3/3/1/1/2/2/0/0/1/0/3/0/3/1/0/3/3/1/1/0/3/0/1
../gymjam_results/2020_04_22_experiments/checkpoints/experiment06_13_latest.pkl,73,-2970.5119415247614,42.532956879560174,1/1/1/1/2/1/2/1/0/1/1/1/2/3/3/3/1/1/0/1/0/3/1/3/3/3/1/2/1/3/0/0/0/1/0/3/2/1/1/0/2/2/3/0/1/0/1/2/3/0/3/0/1/2/1/0/0/3/2/3/2/3/2/2/3/1/1/3/0/3/2/0/3/0/0/3/1/0/0/2/2/0/3/0/0/2/1/1/0/1/0/2/1/1/3/0/0/3/2/3
../gymjam_results/2020_04_22_experiments/checkpoints/experiment06_14_latest.pkl,74,-2796.6687883762575,49.660575555812585,1/1/0/1/2/2/1/1/1/2/1/2/2/2/3/2/1/2/1/0/3/3/3/3/2/3/3/3/1/1/1/0/0/3/2/2/3/0/2/2/2/1/1/1/0/1/2/2/2/0/3/3/3/0/2/0/2/2/0/3/0/0/0/1/0/0/1/2/2/0/3/2/3/2/0/0/3/0/3/1/0/0/1/1/3/2/2/1/1/1/2/3/0/2/0/1/2/1/2/0
../gymjam_results/2020_04_22_experiments/checkpoints/experiment06_15_latest.pkl,72,-2929.212463114929,51.34409165892447,1/1/2/1/1/3/1/1/1/0/1/1/1/2/0/0/0/1/3/1/0/3/0/3/3/1/2/0/0/0/0/3/2/3/3/3/3/1/2/0/0/0/3/2/0/3/0/2/1/3/2/1/3/3/1/2/2/1/1/0/1/1/1/3/2/2/0/1/0/0/3/3/2/2/3/3/2/2/0/0/2/0/0/3/1/2/1/1/1/3/1/1/0/1/2/2/2/3/2/0
../gymjam_results/2020_04_22_experiments/checkpoints/experiment06_16_latest.pkl,71,-2898.1725874674426,50.33926053305473,2/2/1/2/0/1/2/1/1/0/1/2/3/3/2/1/2/3/1/2/1/2/0/2/1/2/2/2/2/3/0/1/1/2/0/2/0/2/1/0/1/3/1/2/1/2/0/1/3/1/3/3/1/0/3/0/3/2/2/2/1/0/2/2/2/1/1/3/2/1/0/1/0/0/3/0/1/1/1/2/0/3/0/2/3/2/2/0/2/0/1/3/2/1/1/1/3/2/2/1
../gymjam_results/2020_04_22_experiments/checkpoints/experiment06_17_latest.pkl,68,-2419.0500265605556,54.45443946609629,0/1/1/1/1/1/2/0/2/0/1/1/2/1/1/2/1/1/3/0/0/0/1/3/0/3/0/3/1/0/2/0/3/0/0/1/3/0/1/1/2/2/0/2/0/3/1/1/0/0/0/0/1/0/2/0/0/2/0/2/0/0/3/3/0/0/0/0/2/2/3/1/3/2/3/3/3/3/1/3/0/2/3/3/1/1/3/1/1/2/2/1/3/0/3/1/2/3/0/2
../gymjam_results/2020_04_22_experiments/checkpoints/experiment06_18_latest.pkl,70,-2354.9929376832233,49.61709477616205,2/0/0/2/1/1/2/2/2/1/1/2/1/3/2/1/2/0/3/1/1/1/1/2/0/0/2/0/2/2/1/3/3/2/2/0/0/2/0/0/2/1/0/0/2/3/1/2/2/0/2/0/2/0/1/2/1/1/3/1/1/2/2/1/2/3/3/2/1/2/0/3/0/1/2/2/1/2/2/2/1/0/3/1/0/2/1/1/0/1/1/0/3/1/2/2/2/2/3/1
../gymjam_results/2020_04_22_experiments/checkpoints/experiment06_19_latest.pkl,77,-2972.6522980520035,51.475194316675385,1/0/1/1/1/0/1/1/1/1/1/3/1/1/2/3/0/1/1/0/3/0/2/0/2/0/0/3/3/2/2/2/3/3/1/3/1/0/2/2/0/3/1/2/2/2/1/0/2/1/1/2/2/1/1/2/3/1/0/1/0/3/2/2/3/3/0/0/2/0/2/0/0/3/0/0/1/1/1/0/2/3/3/0/3/3/2/2/0/3/1/2/0/2/1/2/3/1/3/0
../gymjam_results/2020_04_22_experiments/checkpoints/experiment06_1_latest.pkl,71,-2947.035013397712,50.383455883703306,1/1/1/1/1/1/2/2/1/1/0/0/3/2/2/0/3/0/1/0/0/3/3/3/0/1/3/2/0/3/0/0/0/0/0/1/1/0/3/1/2/2/2/1/1/2/2/2/0/3/0/3/2/2/1/2/1/1/3/0/0/1/2/0/3/2/2/0/0/0/1/2/2/3/3/1/1/1/2/3/3/0/3/0/3/2/1/2/1/1/0/1/0/1/1/2/0/2/3/0
../gymjam_results/2020_04_22_experiments/checkpoints/experiment06_20_latest.pkl,70,-3034.827843253186,50.1930611685537,1/1/2/0/1/1/1/2/1/2/2/0/1/2/2/1/0/0/3/3/1/0/0/0/0/3/0/1/2/1/0/3/0/3/3/3/2/1/0/0/0/1/1/2/0/0/1/2/2/1/0/3/1/1/3/0/2/2/0/1/0/1/3/0/1/0/1/3/2/2/1/0/3/2/3/2/2/3/2/3/3/1/3/2/1/2/2/3/0/1/3/3/1/2/0/1/2/0/0/3
../gymjam_results/2020_04_22_experiments/checkpoints/experiment06_2_latest.pkl,72,-3958.0886742922235,43.64932518778525,1/0/1/1/1/1/2/2/1/1/0/2/3/2/2/2/2/0/2/1/0/2/3/0/1/0/3/2/2/3/1/2/2/3/1/2/2/1/2/1/2/2/1/2/0/1/0/3/0/1/0/0/3/2/1/2/1/3/1/3/3/2/0/2/1/3/1/3/2/1/3/2/3/1/1/0/3/1/3/1/0/3/3/3/2/2/0/3/2/0/3/2/3/3/1/0/3/3/3/3
../gymjam_results/2020_04_22_experiments/checkpoints/experiment06_3_latest.pkl,70,-2345.860061596289,45.20950170669215,2/0/0/2/0/2/1/1/2/1/0/2/2/2/2/0/1/2/2/1/2/2/2/3/3/1/2/1/2/0/2/0/2/1/1/3/0/2/3/3/0/3/2/1/1/2/3/0/3/2/0/0/0/3/2/3/3/0/1/1/3/0/2/1/0/3/2/3/3/1/2/1/0/2/1/0/2/2/2/0/2/1/3/3/0/0/0/2/1/0/2/1/2/2/0/2/0/0/0/2
../gymjam_results/2020_04_22_experiments/checkpoints/experiment06_4_latest.pkl,71,-2325.894752030833,56.36602220851711,1/1/0/1/1/1/1/1/2/0/2/1/2/3/3/1/1/3/0/0/1/1/3/1/1/1/1/2/2/1/3/1/3/1/0/3/1/3/2/2/2/2/3/3/2/3/2/2/3/3/1/2/3/1/0/2/1/1/0/3/2/3/3/3/0/2/3/0/3/0/0/1/2/1/3/2/0/2/1/0/3/1/0/1/0/1/3/1/3/1/1/0/0/2/2/0/2/1/3/0
../gymjam_results/2020_04_22_experiments/checkpoints/experiment06_5_latest.pkl,75,-3199.569342085336,51.18154585195532,0/1/2/1/2/3/2/1/2/2/2/1/2/0/3/1/1/2/2/1/1/2/0/0/1/2/2/1/1/2/2/2/0/0/1/2/2/2/1/1/3/2/2/3/2/0/1/0/0/2/1/1/0/0/1/0/2/1/3/2/0/1/3/0/2/2/3/1/3/1/1/0/3/1/3/2/1/0/3/0/1/2/1/2/0/1/0/1/3/1/2/3/2/1/1/1/3/0/3/0
../gymjam_results/2020_04_22_experiments/checkpoints/experiment06_6_latest.pkl,72,-3210.0904268111217,40.39083833787089,1/1/0/2/1/2/1/1/1/1/1/2/1/0/3/0/1/2/0/1/3/3/0/3/3/0/3/0/2/3/3/1/2/0/0/2/0/3/2/2/0/0/3/3/2/3/2/2/0/3/1/0/1/0/3/0/0/2/2/1/2/3/2/1/1/0/2/0/2/2/1/0/2/2/2/0/2/2/2/0/1/3/2/2/0/1/3/1/1/1/3/2/0/3/1/2/1/3/1/2
../gymjam_results/2020_04_22_experiments/checkpoints/experiment06_7_latest.pkl,73,-1964.5179598794014,39.18179651180276,2/1/2/1/2/2/0/2/2/2/1/0/0/2/0/2/2/2/0/0/2/0/0/2/0/2/1/2/1/2/2/3/2/3/0/1/2/2/3/3/3/0/0/0/2/1/3/2/3/1/1/1/2/3/3/3/1/3/1/3/0/1/1/1/0/3/0/0/3/0/2/1/2/1/1/2/1/2/0/0/3/1/1/3/1/3/2/1/0/0/2/1/1/0/1/2/3/1/3/2
../gymjam_results/2020_04_22_experiments/checkpoints/experiment06_8_latest.pkl,73,-2834.065471634427,62.14232527582553,1/1/1/1/1/3/2/0/2/1/2/2/3/2/2/2/2/2/2/2/2/0/1/1/0/1/1/0/3/3/3/0/1/0/2/1/3/3/0/0/1/1/3/0/2/0/3/3/3/2/0/3/0/3/1/0/2/0/2/3/2/0/1/2/2/2/1/1/0/0/2/2/2/3/0/0/3/0/2/0/2/3/3/0/1/3/0/1/3/1/2/3/1/0/3/0/1/3/0/1
../gymjam_results/2020_04_22_experiments/checkpoints/experiment06_9_latest.pkl,74,-3243.5612794875965,38.4758279738453,1/0/2/2/1/1/1/2/2/1/0/1/1/0/1/2/2/2/2/1/3/0/0/3/0/0/3/1/1/3/2/3/1/3/0/3/0/1/0/1/2/0/2/2/0/3/2/0/1/0/3/1/3/3/1/2/1/1/2/2/1/2/3/3/0/0/2/3/3/3/0/1/0/0/1/2/0/0/1/3/0/3/1/2/2/3/3/2/1/2/1/1/0/0/1/3/0/3/0/0
../gymjam_results/2020_04_22_experiments/checkpoints/experiment07_10_latest.pkl,2500,-139464.77886212085,64.62789255309195,1/1/1/2/1/1/0/2/2/2/2/2/2/2/2/2/3/0/1/0/3/2/3/1/0/0/1/0/3/3/2/3/2/0/3/0/1/1/0/1/2/2/3/3/1/3/2/0/0/1/0/0/0/0/1/3/1/3/0/3/3/2/3/1/0/0/2/0/3/3/2/0/3/3/2/2/3/2/2/2/1/3/2/3/1/1/1/3/1/2/3/0/2/2/3/0/1/2/2/2
../gymjam_results/2020_04_22_experiments/checkpoints/experiment07_11_latest.pkl,2500,-138065.61336428643,43.358408396008116,2/1/1/2/2/1/3/2/1/2/2/2/1/1/1/0/0/3/3/0/2/2/2/2/0/3/3/2/2/2/2/1/0/1/0/1/3/1/3/2/3/1/0/2/3/3/0/1/3/2/1/3/3/2/2/3/1/1/0/3/0/1/1/1/2/1/1/3/3/2/1/3/3/2/1/0/2/3/2/2/0/3/2/0/3/0/3/3/2/0/2/1/2/1/0/1/0/2/1/3
../gymjam_results/2020_04_22_experiments/checkpoints/experiment07_12_latest.pkl,2500,-138644.00660701023,49.23688271886928,2/1/1/1/1/0/1/3/1/1/1/1/2/2/2/3/1/0/0/0/3/1/3/3/1/0/1/1/3/2/1/1/2/0/3/0/3/0/1/3/0/3/3/2/0/1/2/3/3/1/1/1/0/0/3/3/0/0/0/3/1/0/3/3/0/2/0/1/1/2/1/3/1/2/0/0/2/1/2/3/1/3/2/3/2/3/0/0/2/3/1/2/0/3/2/0/2/0/1/3
../gymjam_results/2020_04_22_experiments/checkpoints/experiment07_13_latest.pkl,2500,-139115.5461177841,47.238839540855594,1/2/2/2/1/1/2/3/2/1/1/0/2/3/1/2/2/0/0/2/0/2/2/1/2/1/2/2/3/1/3/1/2/2/2/2/3/3/3/1/1/3/0/0/3/0/0/1/0/0/1/3/1/3/2/3/1/1/1/3/1/3/2/0/0/3/1/2/0/1/1/1/3/1/0/1/0/2/0/2/2/0/1/2/2/2/2/3/2/0/3/3/2/2/3/2/2/0/1/0
../gymjam_results/2020_04_22_experiments/checkpoints/experiment07_14_latest.pkl,2500,-138116.83195200414,44.32690631870537,2/2/2/2/0/1/0/1/0/1/1/2/3/2/2/2/0/0/2/3/1/2/2/1/2/2/0/2/2/1/2/0/1/3/2/2/0/3/0/0/1/0/3/3/2/3/3/0/1/0/2/1/1/2/2/2/3/2/3/1/3/2/1/3/1/3/2/1/3/2/2/3/2/0/1/0/3/2/0/2/0/3/0/2/3/0/0/1/0/0/2/2/1/3/3/0/1/1/3/1
../gymjam_results/2020_04_22_experiments/checkpoints/experiment07_15_latest.pkl,2500,-138959.69055356222,56.213207626371,2/1/2/1/1/2/2/2/2/2/2/1/0/0/0/3/2/1/3/0/0/1/2/3/1/2/0/0/3/2/2/2/0/2/0/0/2/3/2/3/3/1/1/0/1/1/0/1/0/0/0/0/3/0/1/2/0/3/2/3/3/0/3/1/2/3/1/2/2/3/0/1/1/1/3/3/1/2/0/0/1/2/2/1/3/2/3/0/1/1/3/2/1/1/3/3/3/1/1/1
../gymjam_results/2020_04_22_experiments/checkpoints/experiment07_16_latest.pkl,2500,-138937.14189042072,46.36240969326249,1/1/1/1/1/1/0/0/2/2/1/2/2/0/1/1/2/3/0/3/3/2/3/0/3/1/0/3/2/2/0/3/0/3/3/0/1/0/1/2/0/1/3/2/0/0/3/2/2/3/3/1/1/1/2/1/2/3/0/1/3/1/0/0/0/2/2/0/0/1/3/2/0/3/3/2/1/0/2/0/3/1/3/3/3/1/3/2/2/0/2/2/0/1/2/1/1/2/2/2
../gymjam_results/2020_04_22_experiments/checkpoints/experiment07_17_latest.pkl,2500,-138212.16842680745,49.43400285062782,1/1/1/1/1/1/2/0/3/2/2/1/1/2/2/1/0/1/3/3/3/1/3/2/2/2/2/3/1/1/2/0/0/0/3/3/2/0/2/3/0/0/1/0/0/2/0/1/1/2/0/0/1/3/0/2/2/2/2/3/0/3/1/1/0/2/1/0/0/0/3/3/1/2/2/1/3/2/2/0/2/3/2/1/0/1/2/3/2/1/3/0/2/0/2/2/2/1/2/1
../gymjam_results/2020_04_22_experiments/checkpoints/experiment07_18_latest.pkl,2500,-138907.27138357575,50.95742395202592,2/1/1/1/1/1/0/1/2/0/1/2/1/0/0/3/1/1/0/3/0/2/1/3/0/1/1/0/3/3/1/2/3/3/1/3/0/3/0/2/2/3/3/0/3/3/1/2/2/3/1/3/0/2/2/1/0/1/3/2/1/1/1/1/1/3/1/3/2/0/0/0/3/0/0/0/3/0/3/0/0/0/2/0/3/3/0/2/0/1/2/0/1/1/2/1/2/1/0/3
../gymjam_results/2020_04_22_experiments/checkpoints/experiment07_19_latest.pkl,2500,-136405.66127466378,48.481676380419486,1/1/1/1/1/1/1/2/3/2/1/3/0/2/2/2/2/1/3/3/2/1/2/3/0/0/2/1/1/1/3/2/3/1/1/2/3/2/1/0/2/2/1/2/3/1/3/2/0/1/3/0/2/1/0/2/3/0/0/1/3/2/3/3/2/0/3/1/1/0/2/1/2/3/2/1/3/1/0/0/1/0/0/2/1/1/0/0/1/1/3/3/0/3/3/0/2/3/0/3
../gymjam_results/2020_04_22_experiments/checkpoints/experiment07_1_latest.pkl,2500,-140595.4713648275,55.60965596608102,2/1/2/0/1/3/2/2/1/1/0/0/1/0/1/2/1/2/2/0/1/0/1/0/0/2/2/1/2/2/1/2/3/2/1/1/1/0/2/0/3/3/0/0/1/0/1/0/1/0/1/3/0/3/3/3/0/2/2/0/3/0/3/0/1/3/1/1/2/3/2/2/3/2/3/1/0/1/0/3/1/3/1/3/0/1/1/3/0/2/3/1/1/3/2/3/3/0/0/0
../gymjam_results/2020_04_22_experiments/checkpoints/experiment07_20_latest.pkl,2500,-138888.33493179406,34.52638690660811,1/1/2/1/1/0/2/1/1/2/2/2/3/1/2/1/3/2/2/2/0/1/3/3/1/3/2/1/1/0/3/1/1/0/0/2/0/0/3/1/0/1/2/1/3/3/2/1/2/1/3/2/3/0/1/3/1/0/2/0/0/1/2/1/3/0/2/2/3/2/0/1/3/0/0/3/1/0/3/3/3/0/3/0/3/0/2/0/1/0/0/3/1/1/1/0/1/2/0/1
../gymjam_results/2020_04_22_experiments/checkpoints/experiment07_2_latest.pkl,2500,-139477.40699956453,47.776571859183804,2/2/2/0/2/0/1/2/2/1/1/1/2/1/3/3/1/2/2/2/0/1/1/2/3/3/1/1/2/2/2/3/0/2/2/1/1/1/2/3/3/3/0/1/3/0/2/2/0/1/1/1/0/3/0/1/3/0/1/2/3/2/1/3/0/3/0/2/0/0/1/0/2/1/1/3/2/0/2/3/1/2/0/1/1/2/1/3/1/3/3/0/3/3/1/0/0/1/1/0
../gymjam_results/2020_04_22_experiments/checkpoints/experiment07_3_latest.pkl,2500,-139535.67135602492,51.280753749427305,1/1/2/1/2/1/1/2/1/2/1/0/0/0/2/3/1/2/2/0/3/0/0/3/3/0/0/0/0/0/2/0/0/1/0/3/2/3/1/1/2/1/0/3/2/2/3/0/3/0/2/2/2/1/0/2/3/3/0/3/3/1/0/2/3/1/0/1/1/2/0/1/3/1/0/0/0/2/3/1/0/1/3/3/1/3/2/1/3/1/3/2/2/0/0/0/3/0/3/3
../gymjam_results/2020_04_22_experiments/checkpoints/experiment07_4_latest.pkl,2500,-138583.38480287415,72.49710215237224,1/1/1/1/2/1/1/1/2/2/2/0/2/3/0/3/0/1/1/1/0/0/0/0/1/1/3/0/0/1/0/1/3/1/3/3/1/0/3/2/0/1/3/3/1/1/1/2/0/0/0/1/3/0/1/2/0/1/3/1/1/0/2/1/0/1/3/3/0/0/3/0/1/3/0/2/0/2/0/2/3/2/0/3/2/2/0/2/2/2/0/3/2/0/3/0/1/0/0/1
../gymjam_results/2020_04_22_experiments/checkpoints/experiment07_5_latest.pkl,2500,-139540.41550775713,36.71138162034072,1/1/1/1/1/1/1/3/2/0/1/1/2/3/2/1/1/1/1/1/2/3/3/3/3/0/3/3/3/1/1/2/0/3/0/2/2/3/3/3/1/1/2/3/0/2/0/0/3/0/0/2/1/2/1/0/1/3/0/1/3/2/3/1/1/0/0/0/1/2/3/2/0/0/1/0/1/3/0/3/1/3/2/2/0/2/0/3/3/1/1/3/3/3/0/1/0/1/0/1
../gymjam_results/2020_04_22_experiments/checkpoints/experiment07_6_latest.pkl,2500,-139098.22813252668,52.77790478143643,1/1/1/0/1/1/2/3/1/2/2/2/2/0/2/1/2/2/2/3/2/1/0/1/0/2/1/3/0/2/0/3/3/2/3/0/1/0/1/0/2/3/0/1/1/0/1/2/2/1/2/3/2/0/3/1/3/0/3/1/0/1/1/0/2/1/0/1/2/3/0/1/2/1/2/3/1/0/3/2/3/3/0/3/2/1/2/2/3/0/1/2/3/2/3/2/0/3/2/3
../gymjam_results/2020_04_22_experiments/checkpoints/experiment07_7_latest.pkl,2500,-138736.14409267314,39.20859151037777,0/2/1/1/2/2/2/2/1/2/1/1/3/1/2/0/2/3/1/0/2/2/3/0/0/3/2/3/0/2/2/0/2/3/3/3/2/3/3/3/1/1/0/2/1/1/2/2/3/2/3/3/0/0/0/1/1/0/0/1/1/0/2/2/1/0/1/1/2/1/3/0/2/1/2/3/2/3/1/2/1/2/3/2/2/0/2/2/0/2/0/3/1/0/2/0/2/3/0/1
../gymjam_results/2020_04_22_experiments/checkpoints/experiment07_8_latest.pkl,2500,-138558.12210997837,52.58978488729434,0/1/1/1/2/1/2/1/2/2/0/2/1/1/2/2/1/3/1/1/0/0/3/3/3/0/3/3/0/3/2/0/0/2/2/3/1/3/1/3/0/2/2/1/0/0/2/0/3/0/1/2/0/2/3/2/1/2/1/0/3/3/3/1/3/2/3/2/1/3/1/3/0/3/1/3/0/2/2/1/3/1/2/2/1/2/3/1/3/0/2/2/2/0/0/0/2/3/0/1
../gymjam_results/2020_04_22_experiments/checkpoints/experiment07_9_latest.pkl,2500,-139757.28873641745,38.151767422769865,2/2/2/3/1/3/1/1/2/0/1/0/1/1/1/2/1/2/2/1/0/2/2/1/0/2/2/2/2/0/0/3/1/3/0/0/3/0/0/3/1/1/3/3/3/2/2/3/3/3/2/1/3/0/3/0/1/0/1/1/2/2/2/3/0/0/0/0/3/3/3/2/2/1/2/0/3/1/3/3/2/2/1/0/0/0/1/3/2/3/0/2/0/2/3/2/3/0/3/1
../gymjam_results/2020_04_22_experiments/checkpoints/experiment08_10_latest.pkl,114,-14446.629535637656,54.407173711669,0/1/1/1/1/1/0/1/1/1/2/2/1/3/0/0/3/1/3/3/1/3/3/0/2/2/3/1/3/1/3/3/2/2/0/1/2/3/3/1/0/1/3/2/3/0/2/2/1/3/2/0/2/1/0/0/0/2/1/0/0/1/1/0/1/0/2/1/2/2/0/3/1/0/2/0/0/0/0/2/2/3/2/1/2/0/1/1/1/1/1/2/0/3/0/1/0/0/2/3
../gymjam_results/2020_04_22_experiments/checkpoints/experiment08_11_latest.pkl,113,-14542.957297510544,42.40675966793759,1/1/1/1/2/1/1/2/1/1/1/3/2/3/1/0/2/2/0/3/0/3/1/1/3/2/0/0/3/0/3/3/2/1/3/1/0/1/0/2/1/3/3/0/0/0/2/1/2/0/1/2/2/1/3/1/3/3/3/3/1/2/0/1/2/2/1/1/0/3/3/2/3/2/3/2/0/0/0/2/3/0/2/0/1/3/1/0/3/2/3/1/2/1/2/2/0/2/3/1
../gymjam_results/2020_04_22_experiments/checkpoints/experiment08_12_latest.pkl,112,-14559.022092791643,68.22340702629069,1/1/1/1/1/0/0/1/2/2/2/2/2/0/3/2/3/2/2/1/1/0/0/3/1/1/3/1/3/3/0/0/3/0/0/3/3/0/0/1/3/1/3/2/3/0/3/0/0/0/1/0/0/0/3/0/3/2/1/0/1/2/3/0/2/3/2/1/2/1/0/0/3/2/2/2/3/2/3/1/1/0/3/2/3/2/1/3/1/3/0/2/0/1/3/3/0/0/2/3
../gymjam_results/2020_04_22_experiments/checkpoints/experiment08_13_latest.pkl,113,-14503.36280734101,52.32664758526599,2/0/1/2/2/1/0/3/2/1/1/2/2/0/2/2/2/1/0/2/2/1/1/2/0/2/2/2/3/1/2/2/1/2/3/3/0/1/1/0/2/0/1/1/3/1/2/1/3/3/2/3/0/0/0/1/1/0/3/3/2/1/2/0/2/1/0/1/2/0/0/2/1/2/1/1/1/2/0/3/0/0/1/0/1/3/3/2/2/2/0/0/2/2/0/0/1/1/3/3
../gymjam_results/2020_04_22_experiments/checkpoints/experiment08_14_latest.pkl,113,-14560.413678402898,38.92923895115942,1/1/2/1/1/0/1/0/1/2/1/1/3/1/2/1/2/1/0/1/0/1/1/3/2/1/3/2/3/2/2/3/3/3/2/0/3/0/0/1/3/0/2/2/2/3/0/2/1/1/1/2/0/0/3/2/0/1/3/3/0/3/1/3/3/3/3/3/1/2/2/3/2/0/2/1/1/2/3/3/0/2/3/0/2/0/1/2/2/1/3/1/0/2/2/3/3/2/2/2
../gymjam_results/2020_04_22_experiments/checkpoints/experiment08_15_latest.pkl,113,-14500.201483842739,47.47943796631279,1/1/0/1/1/1/1/1/2/0/2/2/1/3/2/2/2/3/1/3/2/3/2/1/0/1/1/2/3/3/0/1/2/0/1/0/3/2/0/3/1/1/2/0/0/0/0/2/3/1/0/3/0/0/3/1/3/1/0/3/3/0/2/2/3/1/2/1/2/1/2/2/3/2/1/3/3/1/2/2/3/3/0/2/1/3/2/1/0/3/1/3/0/1/2/1/3/2/2/0
../gymjam_results/2020_04_22_experiments/checkpoints/experiment08_16_latest.pkl,115,-14456.52614499845,60.86610819875028,1/1/1/1/1/1/2/2/1/1/0/1/3/3/1/1/0/0/1/2/0/3/1/0/0/1/0/3/2/0/3/2/0/3/0/1/2/1/3/3/3/2/2/0/1/2/0/1/0/3/3/3/0/0/1/2/3/3/1/3/1/2/1/1/2/3/0/1/2/0/2/2/0/0/2/3/1/1/1/0/2/0/2/2/1/3/1/2/2/0/3/3/2/1/0/3/0/0/0/0
../gymjam_results/2020_04_22_experiments/checkpoints/experiment08_17_latest.pkl,114,-14483.549958298634,65.18427558181048,1/1/1/2/1/1/0/2/1/0/2/2/2/2/2/2/3/3/0/2/0/0/3/2/3/1/2/0/0/0/0/0/0/1/3/3/2/3/3/0/2/3/1/3/0/2/0/2/0/0/0/2/2/2/0/3/3/1/2/2/1/2/1/3/0/3/2/2/2/1/2/3/3/2/2/0/1/0/0/3/3/1/3/3/3/0/2/3/3/1/3/3/0/1/1/3/2/1/1/1
../gymjam_results/2020_04_22_experiments/checkpoints/experiment08_18_latest.pkl,114,-14504.762617801844,44.889660493903364,2/0/1/2/0/2/1/1/2/2/1/0/0/2/1/2/0/2/3/1/3/2/2/3/3/0/0/2/3/0/2/2/2/1/3/2/1/3/3/3/1/0/2/1/2/0/2/3/2/1/3/1/0/2/0/3/0/2/1/3/1/2/0/3/3/1/2/0/1/3/0/2/1/2/0/1/0/2/1/0/2/0/1/1/3/1/3/1/2/3/1/3/3/3/0/0/1/2/3/2
../gymjam_results/2020_04_22_experiments/checkpoints/experiment08_19_latest.pkl,116,-14389.442639604185,64.15548805640324,1/1/1/1/3/1/1/2/2/2/2/2/2/1/0/3/2/2/2/2/3/3/2/3/3/3/1/2/1/1/0/1/3/1/2/1/1/1/1/1/0/2/2/1/0/3/1/1/3/0/1/1/0/1/0/0/1/0/2/0/0/1/2/2/0/1/0/3/3/2/3/1/2/1/3/2/3/0/1/2/3/0/0/1/3/3/2/3/2/2/1/0/2/1/1/1/1/1/3/2
../gymjam_results/2020_04_22_experiments/checkpoints/experiment08_1_latest.pkl,112,-14584.05343887588,44.595357392340304,1/0/0/1/2/2/2/2/2/1/0/1/2/2/1/2/2/1/2/3/0/0/0/3/3/1/1/2/2/0/0/0/3/2/0/2/0/0/2/1/1/3/0/0/1/3/3/2/0/0/0/1/3/2/3/3/3/0/1/2/3/2/1/3/0/3/2/1/0/0/3/2/1/3/3/0/1/3/3/3/3/2/3/3/3/3/1/2/0/1/1/3/3/2/3/2/3/1/2/2
../gymjam_results/2020_04_22_experiments/checkpoints/experiment08_20_latest.pkl,115,-14455.789597732732,52.16842227931869,2/1/1/2/0/0/2/2/2/2/2/1/0/0/1/2/2/2/2/0/3/2/1/2/2/2/0/0/2/0/3/2/2/2/2/0/0/2/0/0/2/3/2/0/1/1/2/0/0/2/2/2/0/3/3/0/0/1/1/1/0/1/0/3/2/1/0/2/2/2/0/3/0/1/2/2/0/2/0/0/2/1/3/1/2/3/3/2/1/1/0/3/3/2/2/3/3/3/3/3
../gymjam_results/2020_04_22_experiments/checkpoints/experiment08_2_latest.pkl,114,-14501.714937348806,46.781519261982794,1/1/1/1/2/0/1/1/0/1/3/1/1/1/2/2/3/3/3/0/1/1/3/2/1/3/1/2/2/2/1/3/0/1/3/1/1/1/1/2/0/0/2/0/0/3/0/1/1/2/3/3/2/2/0/3/1/3/0/1/1/2/0/0/3/2/2/1/0/2/1/3/3/2/2/3/2/0/1/3/2/2/1/1/2/1/2/1/1/2/3/0/3/2/0/1/3/3/1/2
../gymjam_results/2020_04_22_experiments/checkpoints/experiment08_3_latest.pkl,115,-14467.794926481825,49.47992630566097,1/1/1/1/2/1/1/1/2/0/2/3/2/2/2/0/1/3/3/0/1/0/0/3/1/2/3/3/0/3/2/3/2/1/2/3/2/2/0/2/1/2/2/3/2/0/3/3/0/3/2/2/2/1/1/2/1/2/2/0/3/3/1/2/0/2/0/1/3/2/1/1/3/1/0/3/0/2/2/1/3/2/0/1/0/1/1/2/0/2/0/3/0/1/0/2/1/1/2/0
../gymjam_results/2020_04_22_experiments/checkpoints/experiment08_4_latest.pkl,115,-14459.714083001316,56.11206636835658,1/1/1/2/1/1/1/0/2/2/0/1/2/3/2/2/2/2/2/2/3/0/1/0/0/1/0/2/0/2/3/3/1/2/1/0/0/3/3/3/0/3/1/1/1/3/0/3/3/3/0/0/2/1/3/2/1/0/1/0/2/2/2/1/3/2/2/1/2/0/1/0/3/3/2/1/2/2/2/0/2/2/0/3/0/0/1/1/0/3/2/0/3/2/0/2/1/3/0/0
../gymjam_results/2020_04_22_experiments/checkpoints/experiment08_5_latest.pkl,115,-14461.937020405012,54.44199354757109,1/1/2/1/1/0/2/1/0/1/0/2/1/2/2/2/0/3/0/1/0/0/3/1/0/3/3/3/2/0/2/2/0/1/1/3/1/3/0/2/1/2/0/0/1/1/2/1/3/2/3/0/3/1/2/3/1/2/2/0/2/0/1/3/2/0/2/2/2/3/0/2/2/1/1/0/3/3/0/2/2/3/3/3/2/1/2/1/0/3/0/3/3/3/1/2/3/0/1/2
../gymjam_results/2020_04_22_experiments/checkpoints/experiment08_6_latest.pkl,113,-14510.017400285087,63.69394887671697,1/1/1/1/1/2/2/1/0/0/2/2/0/1/2/0/2/2/3/1/0/3/3/3/2/2/1/2/3/0/3/2/1/1/3/1/2/0/1/1/3/0/3/2/3/0/1/2/1/2/3/2/0/1/3/1/1/3/0/3/1/0/1/2/3/1/2/3/2/2/2/0/3/1/1/0/1/3/1/3/2/1/3/0/3/2/3/0/3/1/2/2/1/1/2/2/3/1/3/1
../gymjam_results/2020_04_22_experiments/checkpoints/experiment08_7_latest.pkl,117,-14374.370757160645,50.360137983027926,1/1/3/1/1/1/1/1/1/2/1/2/1/1/3/2/2/1/3/1/0/3/3/0/0/0/0/1/1/3/1/1/0/1/2/3/0/3/2/3/1/2/1/3/0/2/1/2/0/0/3/3/2/0/2/1/3/1/2/0/0/2/2/0/0/0/0/0/3/1/0/1/0/0/2/3/2/1/0/3/1/1/0/2/1/3/1/0/2/2/3/1/1/2/2/0/2/2/2/2
../gymjam_results/2020_04_22_experiments/checkpoints/experiment08_8_latest.pkl,112,-14582.113563652534,36.74042428670373,1/1/1/1/1/0/1/0/1/1/1/0/0/2/0/3/0/3/3/3/0/1/1/0/1/2/1/3/2/1/3/1/2/0/3/2/3/2/3/1/1/1/2/2/2/1/1/1/0/2/2/2/2/0/3/2/0/0/0/2/2/2/0/1/0/3/3/3/1/1/0/1/2/1/3/3/1/0/2/3/3/1/1/3/2/0/1/2/1/1/3/2/1/3/0/0/2/0/1/3
../gymjam_results/2020_04_22_experiments/checkpoints/experiment08_9_latest.pkl,111,-14621.003926380268,38.96941039757951,1/1/0/2/1/1/0/1/1/0/2/1/2/2/2/2/2/3/3/1/0/0/1/1/3/3/3/3/1/2/1/0/2/0/2/2/3/0/0/2/3/1/1/1/1/3/2/3/1/3/2/3/3/2/1/1/1/0/0/3/0/0/3/1/2/1/2/0/3/0/3/1/3/3/3/3/1/3/0/0/2/1/1/2/2/3/0/0/2/3/2/1/3/1/2/2/3/3/0/0
../gymjam_results/2020_04_22_experiments/checkpoints/experiment09_10_latest.pkl,38,-788.1967206561113,46.283077387155515,1/1/1/1/2/1/2/1/1/1/0/2/1/3/3/0/0/1/3/1/3/2/1/1/0/3/3/2/3/1/0/3/3/3/3/3/2/1/0/3/2/2/0/3/1/2/2/2/1/2/2/0/3/1/3/0/1/1/1/1/1/0/2/3/0/2/1/0/3/0/2/2/3/0/2/2/3/1/0/1/0/3/1/1/2/2/0/0/1/1/1/0/0/3/1/3/0/0/1/1
../gymjam_results/2020_04_22_experiments/checkpoints/experiment09_11_latest.pkl,38,-650.4563422349476,69.23549544794591,1/1/1/1/1/2/2/2/3/2/1/2/2/1/0/2/2/2/3/0/3/1/3/1/1/0/2/2/0/2/1/0/2/2/3/0/0/0/0/0/3/2/1/2/1/1/3/1/2/3/3/0/3/2/2/0/0/1/1/0/1/2/1/2/1/3/3/2/0/2/0/0/3/1/3/2/0/0/1/0/0/3/2/2/1/2/0/3/2/1/0/2/0/2/0/2/3/3/1/3
../gymjam_results/2020_04_22_experiments/checkpoints/experiment09_12_latest.pkl,38,-1017.4984847009575,44.73438535528177,1/1/1/1/1/1/1/2/0/2/1/1/3/2/3/2/3/2/1/1/0/3/2/2/3/0/1/1/0/1/3/0/0/2/0/2/3/2/1/0/3/2/2/0/3/0/0/0/0/2/1/3/0/0/2/2/2/0/0/3/1/3/3/0/2/3/2/2/0/0/3/1/1/3/1/2/2/3/1/3/1/2/3/3/2/0/2/2/1/3/3/0/1/0/2/2/2/1/0/0
../gymjam_results/2020_04_22_experiments/checkpoints/experiment09_13_latest.pkl,36,-752.8502679345919,46.48829499709103,2/2/2/1/2/1/0/1/1/3/2/3/3/2/1/2/2/1/0/2/3/2/2/1/2/2/2/2/2/2/0/1/3/1/3/2/1/1/3/3/3/2/0/1/3/0/0/0/2/0/0/0/3/0/0/3/0/0/3/1/1/1/3/0/2/0/2/3/0/2/1/1/0/1/3/1/2/1/3/1/0/0/2/0/1/0/3/1/3/3/2/1/2/1/1/2/2/0/1/3
../gymjam_results/2020_04_22_experiments/checkpoints/experiment09_14_latest.pkl,37,-708.1171884685195,53.33747984829108,2/0/1/2/2/2/2/1/1/2/2/1/3/1/1/0/3/2/1/2/3/1/3/2/3/2/2/2/2/1/2/3/2/1/2/1/1/3/2/1/1/1/1/2/2/3/2/2/1/3/2/3/1/3/1/1/1/2/0/0/2/0/0/1/0/1/3/0/2/1/2/0/3/1/0/1/3/3/2/1/0/3/2/1/3/2/2/0/1/0/2/3/0/3/0/2/1/2/0/1
../gymjam_results/2020_04_22_experiments/checkpoints/experiment09_15_latest.pkl,38,-1382.1185149270652,35.696886526648086,0/2/2/1/0/1/3/1/2/1/2/2/1/0/2/2/0/3/2/1/1/2/0/2/2/2/1/0/0/3/2/0/1/1/0/1/0/2/0/1/2/3/3/1/1/2/3/3/2/2/3/1/3/3/0/0/1/0/2/1/2/2/3/0/3/0/3/2/2/0/3/2/3/3/2/3/0/0/1/3/3/1/3/1/2/3/0/0/0/3/3/3/2/2/2/2/3/2/3/3
../gymjam_results/2020_04_22_experiments/checkpoints/experiment09_16_latest.pkl,36,-1229.4809191665806,47.54571145456478,1/1/1/1/1/1/2/1/3/1/2/1/3/2/0/2/3/3/0/0/3/0/1/0/3/2/0/2/1/3/0/0/0/2/0/1/3/3/3/1/1/2/3/3/2/1/3/0/1/0/3/0/2/2/1/2/1/0/2/1/3/1/2/1/3/0/2/2/2/2/2/0/2/3/1/2/3/3/1/1/1/1/3/2/1/3/3/2/1/0/2/0/3/2/1/3/3/3/2/3
../gymjam_results/2020_04_22_experiments/checkpoints/experiment09_17_latest.pkl,37,-1044.076587201178,42.28232815481019,1/1/1/1/2/2/1/0/1/1/2/1/2/2/3/3/2/0/2/0/0/1/3/3/2/0/0/3/3/1/0/2/3/1/2/0/2/1/2/2/0/1/3/3/2/3/1/0/0/3/3/3/1/0/1/0/3/3/2/3/1/2/1/2/3/1/0/3/1/3/2/1/3/2/0/1/3/1/1/3/2/3/0/2/3/3/1/2/1/0/2/2/0/2/3/1/1/3/1/0
../gymjam_results/2020_04_22_experiments/checkpoints/experiment09_18_latest.pkl,40,-1790.6197037329557,59.29428470635398,1/0/1/1/2/1/1/2/1/1/2/3/2/1/2/2/3/2/0/0/2/0/0/0/1/1/3/3/1/3/0/3/0/3/1/3/3/3/3/1/3/3/0/1/3/1/0/2/3/0/3/0/0/1/3/3/3/3/3/1/1/0/2/1/0/0/0/1/1/3/3/2/0/3/2/3/1/2/2/2/3/0/2/3/0/3/2/0/3/2/0/1/0/2/2/1/1/3/2/1
../gymjam_results/2020_04_22_experiments/checkpoints/experiment09_19_latest.pkl,39,-715.1247701145978,58.93388098752976,1/1/1/1/1/0/1/2/0/1/1/1/3/1/0/0/1/3/3/1/0/0/0/1/1/0/2/0/2/3/3/3/0/1/3/1/2/2/1/0/0/3/1/3/3/2/2/2/1/2/3/1/3/3/0/0/3/0/0/2/2/2/2/3/2/1/3/1/3/0/1/2/0/0/2/2/2/3/3/3/0/1/0/1/3/0/0/3/1/3/3/2/2/2/0/0/1/1/0/0
../gymjam_results/2020_04_22_experiments/checkpoints/experiment09_1_latest.pkl,39,-1323.5545624241402,41.82355770272213,1/1/1/1/1/0/1/0/1/2/2/2/0/1/2/0/1/1/0/0/0/1/1/2/2/3/0/3/3/2/0/1/3/0/1/3/3/1/2/3/1/0/2/2/0/0/2/1/3/0/3/3/2/1/1/3/3/0/3/2/2/2/3/0/0/0/1/2/3/2/2/3/2/3/1/1/3/3/3/3/2/2/1/3/1/1/3/1/1/3/0/3/1/3/1/1/0/2/2/3
../gymjam_results/2020_04_22_experiments/checkpoints/experiment09_20_latest.pkl,37,-909.8224487642775,47.41427090640781,1/1/1/1/1/0/1/0/1/1/1/3/1/0/0/2/3/2/3/3/1/3/3/0/2/1/1/2/1/3/3/1/1/1/2/3/0/2/3/1/2/3/3/1/1/1/1/3/2/1/3/1/3/3/0/1/0/1/3/2/1/3/0/0/1/0/2/1/1/1/2/3/0/0/3/1/1/1/3/3/1/2/1/3/3/0/3/0/1/3/1/2/3/2/1/0/3/2/0/1
../gymjam_results/2020_04_22_experiments/checkpoints/experiment09_2_latest.pkl,36,-472.06116799478514,62.03975395028374,1/1/1/1/1/2/2/2/2/2/2/2/0/0/0/3/2/2/1/3/0/0/1/2/1/0/0/0/3/0/2/2/0/3/0/0/0/0/1/2/1/3/1/0/3/3/3/2/1/0/0/3/0/0/0/1/1/1/1/2/2/1/1/1/0/0/0/2/1/3/2/0/3/1/0/2/0/0/1/2/1/3/2/2/3/1/2/1/3/3/1/3/0/3/3/3/2/1/3/2
../gymjam_results/2020_04_22_experiments/checkpoints/experiment09_3_latest.pkl,37,-965.6619604459653,49.27057423687853,1/0/2/3/1/2/2/1/2/2/1/2/1/2/1/0/1/0/1/2/0/2/1/3/0/2/2/3/2/2/3/3/0/2/2/3/0/1/0/3/0/2/3/0/2/1/3/1/1/0/0/0/0/1/1/1/1/2/0/2/0/2/2/3/3/1/2/0/3/3/0/1/0/0/3/3/0/0/1/3/3/3/0/2/3/2/2/1/3/1/1/2/0/2/3/3/2/1/2/1
../gymjam_results/2020_04_22_experiments/checkpoints/experiment09_4_latest.pkl,37,-803.7134544010669,45.97389449823538,2/0/1/1/1/1/1/0/1/1/0/2/0/2/2/1/1/0/3/2/3/0/1/1/0/0/3/1/0/1/3/3/0/3/2/0/0/3/2/2/0/2/2/1/1/0/0/3/1/3/0/1/1/0/0/2/3/3/2/1/1/0/3/2/2/3/2/1/2/2/3/2/3/0/0/2/0/2/3/2/3/2/0/2/1/0/0/2/0/0/2/1/2/1/1/0/3/2/2/2
../gymjam_results/2020_04_22_experiments/checkpoints/experiment09_5_latest.pkl,38,-1125.9170366880596,40.4528546702048,1/1/1/1/1/2/1/1/1/3/2/0/2/2/0/3/3/2/0/0/1/3/2/1/3/0/2/2/3/2/2/3/3/2/2/2/1/3/2/2/0/1/2/3/0/3/3/3/0/1/3/3/0/2/2/3/0/2/3/1/3/0/1/3/1/0/2/2/2/0/2/0/3/2/3/2/2/2/0/0/2/0/0/2/2/0/2/3/2/2/2/0/0/0/1/2/2/2/0/3
../gymjam_results/2020_04_22_experiments/checkpoints/experiment09_6_latest.pkl,37,-1022.1463979524059,53.99773184591419,1/1/1/1/2/1/1/1/0/2/2/0/0/2/2/3/2/2/0/1/0/0/2/3/1/0/3/2/2/0/0/1/2/1/3/2/3/2/3/2/3/3/0/1/1/1/0/0/3/2/1/0/1/3/3/2/0/1/0/2/3/0/3/3/2/0/2/3/1/0/2/2/0/1/0/3/0/2/3/0/2/2/3/3/0/3/0/2/3/2/3/0/2/0/3/3/2/2/1/2
../gymjam_results/2020_04_22_experiments/checkpoints/experiment09_7_latest.pkl,37,-841.3778551669643,30.074379881252185,2/1/2/3/0/1/2/1/1/2/2/2/3/0/2/2/1/0/2/2/2/0/1/2/2/2/1/1/3/2/2/1/0/2/2/2/0/2/0/2/0/0/3/1/3/1/0/2/2/2/1/0/2/0/0/2/3/1/1/3/2/0/2/3/1/0/0/1/1/0/0/0/0/0/0/2/2/1/1/0/2/3/0/0/0/0/1/3/1/1/1/1/2/0/3/1/1/2/1/2
../gymjam_results/2020_04_22_experiments/checkpoints/experiment09_8_latest.pkl,37,-800.0062135763973,34.51506749039484,2/1/3/2/0/1/2/1/1/2/2/1/3/1/2/1/0/1/2/0/0/2/2/2/2/0/0/2/0/2/0/1/2/1/2/0/3/3/0/2/2/2/0/3/0/2/3/2/3/3/0/0/2/2/0/3/2/1/2/1/3/1/3/1/1/3/2/1/1/0/3/2/2/1/0/1/0/1/1/2/2/3/0/0/3/2/1/3/0/0/2/3/1/3/2/3/3/1/2/1
../gymjam_results/2020_04_22_experiments/checkpoints/experiment09_9_latest.pkl,38,-1047.7343938452264,45.48929314860021,2/2/2/0/2/2/2/2/3/1/1/1/1/1/1/1/2/0/0/0/0/3/2/0/2/1/2/2/1/2/2/3/3/2/2/1/0/3/2/1/0/1/2/1/1/3/2/3/0/1/2/3/1/3/1/0/1/3/1/2/2/2/3/3/3/0/3/1/2/1/0/2/2/3/1/2/0/2/3/0/2/0/3/0/0/0/0/3/3/0/1/0/1/3/1/1/1/3/2/0
